Home Team,Away Team,Home Score,Away Score,Position,Played,Won,Lost,Points,Goals For,Goals Against,Goal Difference,Power Score,Home Played,Home Wins,Home Losses,Home GF,Home GA,Away Played,Away Wins,Away Losses,Away GF,Away GA,Form Score (Last 5),Home Strength,Away Strength,Goal Per Point,Attacking Strenght,Defense Strength,Normalized Power Score,Position_Away,Played_Away,Won_Away,Lost_Away,Points_Away,Goals For_Away,Goals Against_Away,Goal Difference_Away,Power Score_Away,Home Played_Away,Home Wins_Away,Home Losses_Away,Home GF_Away,Home GA_Away,Away Played_Away,Away Wins_Away,Away Losses_Away,Away GF_Away,Away GA_Away,Form Score (Last 5)_Away,Home Strength_Away,Away Strength_Away,Goal Per Point_Away,Attacking Strenght_Away,Defense Strength_Away,Normalized Power Score_Away
Genoa CFC,FC Internazionale Milano,2.0,2.0,12,26,7,10,30,24,34,-10,5.0,13,3,4,14,16,13,4,6,10,18,1.1538461538461535,0.2307692307692307,0.3076923076923077,1.25,0.9230769230769232,1.3076923076923077,-0.5276217277249995,1,26,17,3,57,59,24,35,124.62,13,9,1,29,14,13,8,2,30,10,2.1923076923076925,0.6923076923076923,0.6153846153846154,0.9661016949152542,2.269230769230769,0.9230769230769232,1.8833382795507452
Parma Calcio 1913,ACF Fiorentina,1.0,1.0,16,26,5,13,23,32,45,-13,-7.54,14,4,7,20,23,12,1,6,12,22,0.8846153846153846,0.2857142857142857,0.0833333333333333,0.71875,1.2307692307692308,1.7307692307692308,-0.7803674098119234,6,25,12,7,42,41,27,14,68.8,13,7,3,22,15,12,5,4,19,12,1.68,0.5384615384615384,0.4166666666666667,1.024390243902439,1.64,1.08,0.7582773565768941
Empoli FC,AC Monza,0.0,0.0,18,25,4,12,21,22,38,-16,-15.6,12,1,6,5,14,13,3,6,17,24,0.84,0.0833333333333333,0.2307692307692307,0.9545454545454546,0.88,1.52,-0.9428179837848588,20,25,2,15,14,21,39,-18,-26.4,13,1,8,10,17,12,1,7,11,22,0.56,0.0769230769230769,0.0833333333333333,0.6666666666666666,0.84,1.56,-1.1604936908453674
AC Milan,Torino FC,2.0,2.0,7,25,11,6,41,37,26,11,60.4,13,6,1,20,9,12,5,5,17,17,1.64,0.4615384615384615,0.4166666666666667,1.108108108108108,1.48,1.04,0.5889740288631652,11,26,7,9,31,29,32,-3,19.38,13,4,4,12,12,13,3,5,17,20,1.1923076923076923,0.3076923076923077,0.2307692307692307,1.0689655172413792,1.1153846153846154,1.2307692307692308,-0.2377905548055445
Bologna FC 1909,Udinese Calcio,1.0,1.0,8,25,10,4,41,38,31,7,50.4,12,6,1,20,11,13,4,3,18,20,1.64,0.5,0.3076923076923077,1.0789473684210529,1.52,1.24,0.3874224482515831,10,26,10,10,36,33,37,-4,25.08,13,6,5,18,17,13,4,5,15,20,1.3846153846153846,0.4615384615384615,0.3076923076923077,1.0909090909090908,1.2692307692307692,1.4230769230769231,-0.1229061538569427
Hellas Verona FC,SSC Napoli,3.0,0.0,17,25,7,16,23,26,54,-28,-32.8,12,3,8,11,30,13,4,8,15,24,0.92,0.25,0.3076923076923077,0.8846153846153846,1.04,2.16,-1.2894867024367798,2,26,17,3,57,42,20,22,98.62,12,9,2,18,8,13,8,1,23,11,2.1923076923076925,0.75,0.6153846153846154,1.3571428571428572,1.6153846153846154,0.7692307692307693,1.359304169960632
Cagliari Calcio,AS Roma,0.0,0.0,14,25,6,12,25,26,39,-13,-4.0,13,4,6,15,22,12,2,6,11,17,1.0,0.3076923076923077,0.1666666666666666,0.9615384615384616,1.04,1.56,-0.7090181502754234,9,25,10,8,37,36,29,7,48.8,12,7,4,24,12,13,3,4,12,17,1.48,0.5833333333333334,0.2307692307692307,1.0277777777777777,1.44,1.16,0.3551741953537299
SS Lazio,Venezia FC,3.0,1.0,4,26,14,7,47,47,34,13,71.0,13,7,2,27,19,13,7,5,20,15,1.807692307692308,0.5384615384615384,0.5384615384615384,1.0,1.807692307692308,1.3076923076923077,0.8026187043114422,19,26,3,15,17,22,41,-19,-25.69,13,3,6,12,15,13,0,9,10,26,0.6538461538461539,0.2307692307692307,0.0,0.7727272727272727,0.8461538461538461,1.5769230769230769,-1.1461835286219448
US Lecce,Atalanta BC,0.0,4.0,15,26,6,13,25,18,42,-24,-26.85,13,3,5,9,22,13,3,8,9,20,0.9615384615384616,0.2307692307692307,0.2307692307692307,1.3888888888888888,0.6923076923076923,1.6153846153846154,-1.1695635119728884,3,25,15,4,51,54,26,28,106.4,12,7,2,29,16,13,8,2,25,10,2.04,0.5833333333333334,0.6153846153846154,0.9444444444444444,2.16,1.04,1.516111299676443
Juventus FC,Como 1907,3.0,0.0,5,25,11,1,46,42,21,21,82.4,13,6,0,22,10,12,5,1,20,11,1.84,0.4615384615384615,0.4166666666666667,1.0952380952380951,1.68,0.84,1.0323875062086458,13,26,6,12,26,31,41,-10,1.54,12,4,5,19,20,13,2,7,11,20,1.0,0.3333333333333333,0.1538461538461538,0.8387096774193549,1.1923076923076923,1.5769230769230769,-0.5973585746166069
Parma Calcio 1913,AC Milan,2.0,1.0,16,26,5,13,23,32,45,-13,-7.54,14,4,7,20,23,12,1,6,12,22,0.8846153846153846,0.2857142857142857,0.0833333333333333,0.71875,1.2307692307692308,1.7307692307692308,-0.7803674098119234,7,25,11,6,41,37,26,11,60.4,13,6,1,20,9,12,5,5,17,17,1.64,0.4615384615384615,0.4166666666666667,1.108108108108108,1.48,1.04,0.5889740288631652
Udinese Calcio,SS Lazio,2.0,1.0,10,26,10,10,36,33,37,-4,25.08,13,6,5,18,17,13,4,5,15,20,1.3846153846153846,0.4615384615384615,0.3076923076923077,1.0909090909090908,1.2692307692307692,1.4230769230769231,-0.1229061538569427,4,26,14,7,47,47,34,13,71.0,13,7,2,27,19,13,7,5,20,15,1.807692307692308,0.5384615384615384,0.5384615384615384,1.0,1.807692307692308,1.3076923076923077,0.8026187043114422
FC Internazionale Milano,US Lecce,2.0,0.0,1,26,17,3,57,59,24,35,124.62,13,9,1,29,14,13,8,2,30,10,2.1923076923076925,0.6923076923076923,0.6153846153846154,0.9661016949152542,2.269230769230769,0.9230769230769232,1.8833382795507452,15,26,6,13,25,18,42,-24,-26.85,13,3,5,9,22,13,3,8,9,20,0.9615384615384616,0.2307692307692307,0.2307692307692307,1.3888888888888888,0.6923076923076923,1.6153846153846154,-1.1695635119728884
AC Monza,Genoa CFC,0.0,1.0,20,25,2,15,14,21,39,-18,-26.4,13,1,8,10,17,12,1,7,11,22,0.56,0.0769230769230769,0.0833333333333333,0.6666666666666666,0.84,1.56,-1.1604936908453674,12,26,7,10,30,24,34,-10,5.0,13,3,4,14,16,13,4,6,10,18,1.1538461538461535,0.2307692307692307,0.3076923076923077,1.25,0.9230769230769232,1.3076923076923077,-0.5276217277249995
ACF Fiorentina,Venezia FC,0.0,0.0,6,25,12,7,42,41,27,14,68.8,13,7,3,22,15,12,5,4,19,12,1.68,0.5384615384615384,0.4166666666666667,1.024390243902439,1.64,1.08,0.7582773565768941,19,26,3,15,17,22,41,-19,-25.69,13,3,6,12,15,13,0,9,10,26,0.6538461538461539,0.2307692307692307,0.0,0.7727272727272727,0.8461538461538461,1.5769230769230769,-1.1461835286219448
Torino FC,Atalanta BC,2.0,1.0,11,26,7,9,31,29,32,-3,19.38,13,4,4,12,12,13,3,5,17,20,1.1923076923076923,0.3076923076923077,0.2307692307692307,1.0689655172413792,1.1153846153846154,1.2307692307692308,-0.2377905548055445,3,25,15,4,51,54,26,28,106.4,12,7,2,29,16,13,8,2,25,10,2.04,0.5833333333333334,0.6153846153846154,0.9444444444444444,2.16,1.04,1.516111299676443
SSC Napoli,Bologna FC 1909,3.0,0.0,2,26,17,3,57,42,20,22,98.62,12,9,2,18,8,13,8,1,23,11,2.1923076923076925,0.75,0.6153846153846154,1.3571428571428572,1.6153846153846154,0.7692307692307693,1.359304169960632,8,25,10,4,41,38,31,7,50.4,12,6,1,20,11,13,4,3,18,20,1.64,0.5,0.3076923076923077,1.0789473684210529,1.52,1.24,0.3874224482515831
AS Roma,Empoli FC,1.0,2.0,9,25,10,8,37,36,29,7,48.8,12,7,4,24,12,13,3,4,12,17,1.48,0.5833333333333334,0.2307692307692307,1.0277777777777777,1.44,1.16,0.3551741953537299,18,25,4,12,21,22,38,-16,-15.6,12,1,6,5,14,13,3,6,17,24,0.84,0.0833333333333333,0.2307692307692307,0.9545454545454546,0.88,1.52,-0.9428179837848588
Cagliari Calcio,Como 1907,1.0,1.0,14,25,6,12,25,26,39,-13,-4.0,13,4,6,15,22,12,2,6,11,17,1.0,0.3076923076923077,0.1666666666666666,0.9615384615384616,1.04,1.56,-0.7090181502754234,13,26,6,12,26,31,41,-10,1.54,12,4,5,19,20,13,2,7,11,20,1.0,0.3333333333333333,0.1538461538461538,0.8387096774193549,1.1923076923076923,1.5769230769230769,-0.5973585746166069
Hellas Verona FC,Juventus FC,0.0,3.0,17,25,7,16,23,26,54,-28,-32.8,12,3,8,11,30,13,4,8,15,24,0.92,0.25,0.3076923076923077,0.8846153846153846,1.04,2.16,-1.2894867024367798,5,25,11,1,46,42,21,21,82.4,13,6,0,22,10,12,5,1,20,11,1.84,0.4615384615384615,0.4166666666666667,1.0952380952380951,1.68,0.84,1.0323875062086458
Venezia FC,Torino FC,0.0,1.0,19,26,3,15,17,22,41,-19,-25.69,13,3,6,12,15,13,0,9,10,26,0.6538461538461539,0.2307692307692307,0.0,0.7727272727272727,0.8461538461538461,1.5769230769230769,-1.1461835286219448,11,26,7,9,31,29,32,-3,19.38,13,4,4,12,12,13,3,5,17,20,1.1923076923076923,0.3076923076923077,0.2307692307692307,1.0689655172413792,1.1153846153846154,1.2307692307692308,-0.2377905548055445
FC Internazionale Milano,Atalanta BC,4.0,0.0,1,26,17,3,57,59,24,35,124.62,13,9,1,29,14,13,8,2,30,10,2.1923076923076925,0.6923076923076923,0.6153846153846154,0.9661016949152542,2.269230769230769,0.9230769230769232,1.8833382795507452,3,25,15,4,51,54,26,28,106.4,12,7,2,29,16,13,8,2,25,10,2.04,0.5833333333333334,0.6153846153846154,0.9444444444444444,2.16,1.04,1.516111299676443
Bologna FC 1909,Empoli FC,1.0,1.0,8,25,10,4,41,38,31,7,50.4,12,6,1,20,11,13,4,3,18,20,1.64,0.5,0.3076923076923077,1.0789473684210529,1.52,1.24,0.3874224482515831,18,25,4,12,21,22,38,-16,-15.6,12,1,6,5,14,13,3,6,17,24,0.84,0.0833333333333333,0.2307692307692307,0.9545454545454546,0.88,1.52,-0.9428179837848588
US Lecce,Cagliari Calcio,1.0,0.0,15,26,6,13,25,18,42,-24,-26.85,13,3,5,9,22,13,3,8,9,20,0.9615384615384616,0.2307692307692307,0.2307692307692307,1.3888888888888888,0.6923076923076923,1.6153846153846154,-1.1695635119728884,14,25,6,12,25,26,39,-13,-4.0,13,4,6,15,22,12,2,6,11,17,1.0,0.3076923076923077,0.1666666666666666,0.9615384615384616,1.04,1.56,-0.7090181502754234
SS Lazio,AC Milan,2.0,2.0,4,26,14,7,47,47,34,13,71.0,13,7,2,27,19,13,7,5,20,15,1.807692307692308,0.5384615384615384,0.5384615384615384,1.0,1.807692307692308,1.3076923076923077,0.8026187043114422,7,25,11,6,41,37,26,11,60.4,13,6,1,20,9,12,5,5,17,17,1.64,0.4615384615384615,0.4166666666666667,1.108108108108108,1.48,1.04,0.5889740288631652
SSC Napoli,Parma Calcio 1913,2.0,1.0,2,26,17,3,57,42,20,22,98.62,12,9,2,18,8,13,8,1,23,11,2.1923076923076925,0.75,0.6153846153846154,1.3571428571428572,1.6153846153846154,0.7692307692307693,1.359304169960632,16,26,5,13,23,32,45,-13,-7.54,14,4,7,20,23,12,1,6,12,22,0.8846153846153846,0.2857142857142857,0.0833333333333333,0.71875,1.2307692307692308,1.7307692307692308,-0.7803674098119234
ACF Fiorentina,AC Monza,2.0,2.0,6,25,12,7,42,41,27,14,68.8,13,7,3,22,15,12,5,4,19,12,1.68,0.5384615384615384,0.4166666666666667,1.024390243902439,1.64,1.08,0.7582773565768941,20,25,2,15,14,21,39,-18,-26.4,13,1,8,10,17,12,1,7,11,22,0.56,0.0769230769230769,0.0833333333333333,0.6666666666666666,0.84,1.56,-1.1604936908453674
Genoa CFC,Hellas Verona FC,0.0,2.0,12,26,7,10,30,24,34,-10,5.0,13,3,4,14,16,13,4,6,10,18,1.1538461538461535,0.2307692307692307,0.3076923076923077,1.25,0.9230769230769232,1.3076923076923077,-0.5276217277249995,17,25,7,16,23,26,54,-28,-32.8,12,3,8,11,30,13,4,8,15,24,0.92,0.25,0.3076923076923077,0.8846153846153846,1.04,2.16,-1.2894867024367798
Juventus FC,AS Roma,0.0,0.0,5,25,11,1,46,42,21,21,82.4,13,6,0,22,10,12,5,1,20,11,1.84,0.4615384615384615,0.4166666666666667,1.0952380952380951,1.68,0.84,1.0323875062086458,9,25,10,8,37,36,29,7,48.8,12,7,4,24,12,13,3,4,12,17,1.48,0.5833333333333334,0.2307692307692307,1.0277777777777777,1.44,1.16,0.3551741953537299
Udinese Calcio,Como 1907,1.0,0.0,10,26,10,10,36,33,37,-4,25.08,13,6,5,18,17,13,4,5,15,20,1.3846153846153846,0.4615384615384615,0.3076923076923077,1.0909090909090908,1.2692307692307692,1.4230769230769231,-0.1229061538569427,13,26,6,12,26,31,41,-10,1.54,12,4,5,19,20,13,2,7,11,20,1.0,0.3333333333333333,0.1538461538461538,0.8387096774193549,1.1923076923076923,1.5769230769230769,-0.5973585746166069
Como 1907,Bologna FC 1909,2.0,2.0,13,26,6,12,26,31,41,-10,1.54,12,4,5,19,20,13,2,7,11,20,1.0,0.3333333333333333,0.1538461538461538,0.8387096774193549,1.1923076923076923,1.5769230769230769,-0.5973585746166069,8,25,10,4,41,38,31,7,50.4,12,6,1,20,11,13,4,3,18,20,1.64,0.5,0.3076923076923077,1.0789473684210529,1.52,1.24,0.3874224482515831
Empoli FC,Juventus FC,0.0,0.0,18,25,4,12,21,22,38,-16,-15.6,12,1,6,5,14,13,3,6,17,24,0.84,0.0833333333333333,0.2307692307692307,0.9545454545454546,0.88,1.52,-0.9428179837848588,5,25,11,1,46,42,21,21,82.4,13,6,0,22,10,12,5,1,20,11,1.84,0.4615384615384615,0.4166666666666667,1.0952380952380951,1.68,0.84,1.0323875062086458
AC Milan,Venezia FC,4.0,0.0,7,25,11,6,41,37,26,11,60.4,13,6,1,20,9,12,5,5,17,17,1.64,0.4615384615384615,0.4166666666666667,1.108108108108108,1.48,1.04,0.5889740288631652,19,26,3,15,17,22,41,-19,-25.69,13,3,6,12,15,13,0,9,10,26,0.6538461538461539,0.2307692307692307,0.0,0.7727272727272727,0.8461538461538461,1.5769230769230769,-1.1461835286219448
Genoa CFC,AS Roma,1.0,1.0,12,26,7,10,30,24,34,-10,5.0,13,3,4,14,16,13,4,6,10,18,1.1538461538461535,0.2307692307692307,0.3076923076923077,1.25,0.9230769230769232,1.3076923076923077,-0.5276217277249995,9,25,10,8,37,36,29,7,48.8,12,7,4,24,12,13,3,4,12,17,1.48,0.5833333333333334,0.2307692307692307,1.0277777777777777,1.44,1.16,0.3551741953537299
Atalanta BC,ACF Fiorentina,3.0,2.0,3,25,15,4,51,54,26,28,106.4,12,7,2,29,16,13,8,2,25,10,2.04,0.5833333333333334,0.6153846153846154,0.9444444444444444,2.16,1.04,1.516111299676443,6,25,12,7,42,41,27,14,68.8,13,7,3,22,15,12,5,4,19,12,1.68,0.5384615384615384,0.4166666666666667,1.024390243902439,1.64,1.08,0.7582773565768941
Torino FC,US Lecce,0.0,0.0,11,26,7,9,31,29,32,-3,19.38,13,4,4,12,12,13,3,5,17,20,1.1923076923076923,0.3076923076923077,0.2307692307692307,1.0689655172413792,1.1153846153846154,1.2307692307692308,-0.2377905548055445,15,26,6,13,25,18,42,-24,-26.85,13,3,5,9,22,13,3,8,9,20,0.9615384615384616,0.2307692307692307,0.2307692307692307,1.3888888888888888,0.6923076923076923,1.6153846153846154,-1.1695635119728884
Cagliari Calcio,SSC Napoli,0.0,4.0,14,25,6,12,25,26,39,-13,-4.0,13,4,6,15,22,12,2,6,11,17,1.0,0.3076923076923077,0.1666666666666666,0.9615384615384616,1.04,1.56,-0.7090181502754234,2,26,17,3,57,42,20,22,98.62,12,9,2,18,8,13,8,1,23,11,2.1923076923076925,0.75,0.6153846153846154,1.3571428571428572,1.6153846153846154,0.7692307692307693,1.359304169960632
AC Monza,FC Internazionale Milano,1.0,1.0,20,25,2,15,14,21,39,-18,-26.4,13,1,8,10,17,12,1,7,11,22,0.56,0.0769230769230769,0.0833333333333333,0.6666666666666666,0.84,1.56,-1.1604936908453674,1,26,17,3,57,59,24,35,124.62,13,9,1,29,14,13,8,2,30,10,2.1923076923076925,0.6923076923076923,0.6153846153846154,0.9661016949152542,2.269230769230769,0.9230769230769232,1.8833382795507452
Parma Calcio 1913,Udinese Calcio,2.0,3.0,16,26,5,13,23,32,45,-13,-7.54,14,4,7,20,23,12,1,6,12,22,0.8846153846153846,0.2857142857142857,0.0833333333333333,0.71875,1.2307692307692308,1.7307692307692308,-0.7803674098119234,10,26,10,10,36,33,37,-4,25.08,13,6,5,18,17,13,4,5,15,20,1.3846153846153846,0.4615384615384615,0.3076923076923077,1.0909090909090908,1.2692307692307692,1.4230769230769231,-0.1229061538569427
SS Lazio,Hellas Verona FC,2.0,1.0,4,26,14,7,47,47,34,13,71.0,13,7,2,27,19,13,7,5,20,15,1.807692307692308,0.5384615384615384,0.5384615384615384,1.0,1.807692307692308,1.3076923076923077,0.8026187043114422,17,25,7,16,23,26,54,-28,-32.8,12,3,8,11,30,13,4,8,15,24,0.92,0.25,0.3076923076923077,0.8846153846153846,1.04,2.16,-1.2894867024367798
Cagliari Calcio,Empoli FC,0.0,2.0,14,25,6,12,25,26,39,-13,-4.0,13,4,6,15,22,12,2,6,11,17,1.0,0.3076923076923077,0.1666666666666666,0.9615384615384616,1.04,1.56,-0.7090181502754234,18,25,4,12,21,22,38,-16,-15.6,12,1,6,5,14,13,3,6,17,24,0.84,0.0833333333333333,0.2307692307692307,0.9545454545454546,0.88,1.52,-0.9428179837848588
Hellas Verona FC,Torino FC,2.0,3.0,17,25,7,16,23,26,54,-28,-32.8,12,3,8,11,30,13,4,8,15,24,0.92,0.25,0.3076923076923077,0.8846153846153846,1.04,2.16,-1.2894867024367798,11,26,7,9,31,29,32,-3,19.38,13,4,4,12,12,13,3,5,17,20,1.1923076923076923,0.3076923076923077,0.2307692307692307,1.0689655172413792,1.1153846153846154,1.2307692307692308,-0.2377905548055445
Venezia FC,Genoa CFC,2.0,0.0,19,26,3,15,17,22,41,-19,-25.69,13,3,6,12,15,13,0,9,10,26,0.6538461538461539,0.2307692307692307,0.0,0.7727272727272727,0.8461538461538461,1.5769230769230769,-1.1461835286219448,12,26,7,10,30,24,34,-10,5.0,13,3,4,14,16,13,4,6,10,18,1.1538461538461535,0.2307692307692307,0.3076923076923077,1.25,0.9230769230769232,1.3076923076923077,-0.5276217277249995
Juventus FC,SSC Napoli,0.0,0.0,5,25,11,1,46,42,21,21,82.4,13,6,0,22,10,12,5,1,20,11,1.84,0.4615384615384615,0.4166666666666667,1.0952380952380951,1.68,0.84,1.0323875062086458,2,26,17,3,57,42,20,22,98.62,12,9,2,18,8,13,8,1,23,11,2.1923076923076925,0.75,0.6153846153846154,1.3571428571428572,1.6153846153846154,0.7692307692307693,1.359304169960632
US Lecce,Parma Calcio 1913,2.0,2.0,15,26,6,13,25,18,42,-24,-26.85,13,3,5,9,22,13,3,8,9,20,0.9615384615384616,0.2307692307692307,0.2307692307692307,1.3888888888888888,0.6923076923076923,1.6153846153846154,-1.1695635119728884,16,26,5,13,23,32,45,-13,-7.54,14,4,7,20,23,12,1,6,12,22,0.8846153846153846,0.2857142857142857,0.0833333333333333,0.71875,1.2307692307692308,1.7307692307692308,-0.7803674098119234
ACF Fiorentina,SS Lazio,2.0,1.0,6,25,12,7,42,41,27,14,68.8,13,7,3,22,15,12,5,4,19,12,1.68,0.5384615384615384,0.4166666666666667,1.024390243902439,1.64,1.08,0.7582773565768941,4,26,14,7,47,47,34,13,71.0,13,7,2,27,19,13,7,5,20,15,1.807692307692308,0.5384615384615384,0.5384615384615384,1.0,1.807692307692308,1.3076923076923077,0.8026187043114422
AC Monza,Bologna FC 1909,1.0,2.0,20,25,2,15,14,21,39,-18,-26.4,13,1,8,10,17,12,1,7,11,22,0.56,0.0769230769230769,0.0833333333333333,0.6666666666666666,0.84,1.56,-1.1604936908453674,8,25,10,4,41,38,31,7,50.4,12,6,1,20,11,13,4,3,18,20,1.64,0.5,0.3076923076923077,1.0789473684210529,1.52,1.24,0.3874224482515831
AS Roma,Udinese Calcio,3.0,0.0,9,25,10,8,37,36,29,7,48.8,12,7,4,24,12,13,3,4,12,17,1.48,0.5833333333333334,0.2307692307692307,1.0277777777777777,1.44,1.16,0.3551741953537299,10,26,10,10,36,33,37,-4,25.08,13,6,5,18,17,13,4,5,15,20,1.3846153846153846,0.4615384615384615,0.3076923076923077,1.0909090909090908,1.2692307692307692,1.4230769230769231,-0.1229061538569427
FC Internazionale Milano,AC Milan,1.0,2.0,1,26,17,3,57,59,24,35,124.62,13,9,1,29,14,13,8,2,30,10,2.1923076923076925,0.6923076923076923,0.6153846153846154,0.9661016949152542,2.269230769230769,0.9230769230769232,1.8833382795507452,7,25,11,6,41,37,26,11,60.4,13,6,1,20,9,12,5,5,17,17,1.64,0.4615384615384615,0.4166666666666667,1.108108108108108,1.48,1.04,0.5889740288631652
Atalanta BC,Como 1907,2.0,3.0,3,25,15,4,51,54,26,28,106.4,12,7,2,29,16,13,8,2,25,10,2.04,0.5833333333333334,0.6153846153846154,0.9444444444444444,2.16,1.04,1.516111299676443,13,26,6,12,26,31,41,-10,1.54,12,4,5,19,20,13,2,7,11,20,1.0,0.3333333333333333,0.1538461538461538,0.8387096774193549,1.1923076923076923,1.5769230769230769,-0.5973585746166069
AC Milan,US Lecce,3.0,0.0,7,25,11,6,41,37,26,11,60.4,13,6,1,20,9,12,5,5,17,17,1.64,0.4615384615384615,0.4166666666666667,1.108108108108108,1.48,1.04,0.5889740288631652,15,26,6,13,25,18,42,-24,-26.85,13,3,5,9,22,13,3,8,9,20,0.9615384615384616,0.2307692307692307,0.2307692307692307,1.3888888888888888,0.6923076923076923,1.6153846153846154,-1.1695635119728884
Udinese Calcio,FC Internazionale Milano,2.0,3.0,10,26,10,10,36,33,37,-4,25.08,13,6,5,18,17,13,4,5,15,20,1.3846153846153846,0.4615384615384615,0.3076923076923077,1.0909090909090908,1.2692307692307692,1.4230769230769231,-0.1229061538569427,1,26,17,3,57,59,24,35,124.62,13,9,1,29,14,13,8,2,30,10,2.1923076923076925,0.6923076923076923,0.6153846153846154,0.9661016949152542,2.269230769230769,0.9230769230769232,1.8833382795507452
Genoa CFC,Juventus FC,0.0,3.0,12,26,7,10,30,24,34,-10,5.0,13,3,4,14,16,13,4,6,10,18,1.1538461538461535,0.2307692307692307,0.3076923076923077,1.25,0.9230769230769232,1.3076923076923077,-0.5276217277249995,5,25,11,1,46,42,21,21,82.4,13,6,0,22,10,12,5,1,20,11,1.84,0.4615384615384615,0.4166666666666667,1.0952380952380951,1.68,0.84,1.0323875062086458
Bologna FC 1909,Atalanta BC,1.0,1.0,8,25,10,4,41,38,31,7,50.4,12,6,1,20,11,13,4,3,18,20,1.64,0.5,0.3076923076923077,1.0789473684210529,1.52,1.24,0.3874224482515831,3,25,15,4,51,54,26,28,106.4,12,7,2,29,16,13,8,2,25,10,2.04,0.5833333333333334,0.6153846153846154,0.9444444444444444,2.16,1.04,1.516111299676443
Torino FC,SS Lazio,2.0,3.0,11,26,7,9,31,29,32,-3,19.38,13,4,4,12,12,13,3,5,17,20,1.1923076923076923,0.3076923076923077,0.2307692307692307,1.0689655172413792,1.1153846153846154,1.2307692307692308,-0.2377905548055445,4,26,14,7,47,47,34,13,71.0,13,7,2,27,19,13,7,5,20,15,1.807692307692308,0.5384615384615384,0.5384615384615384,1.0,1.807692307692308,1.3076923076923077,0.8026187043114422
Como 1907,Hellas Verona FC,3.0,2.0,13,26,6,12,26,31,41,-10,1.54,12,4,5,19,20,13,2,7,11,20,1.0,0.3333333333333333,0.1538461538461538,0.8387096774193549,1.1923076923076923,1.5769230769230769,-0.5973585746166069,17,25,7,16,23,26,54,-28,-32.8,12,3,8,11,30,13,4,8,15,24,0.92,0.25,0.3076923076923077,0.8846153846153846,1.04,2.16,-1.2894867024367798
AS Roma,Venezia FC,2.0,1.0,9,25,10,8,37,36,29,7,48.8,12,7,4,24,12,13,3,4,12,17,1.48,0.5833333333333334,0.2307692307692307,1.0277777777777777,1.44,1.16,0.3551741953537299,19,26,3,15,17,22,41,-19,-25.69,13,3,6,12,15,13,0,9,10,26,0.6538461538461539,0.2307692307692307,0.0,0.7727272727272727,0.8461538461538461,1.5769230769230769,-1.1461835286219448
Empoli FC,ACF Fiorentina,0.0,0.0,18,25,4,12,21,22,38,-16,-15.6,12,1,6,5,14,13,3,6,17,24,0.84,0.0833333333333333,0.2307692307692307,0.9545454545454546,0.88,1.52,-0.9428179837848588,6,25,12,7,42,41,27,14,68.8,13,7,3,22,15,12,5,4,19,12,1.68,0.5384615384615384,0.4166666666666667,1.024390243902439,1.64,1.08,0.7582773565768941
SSC Napoli,AC Monza,2.0,0.0,2,26,17,3,57,42,20,22,98.62,12,9,2,18,8,13,8,1,23,11,2.1923076923076925,0.75,0.6153846153846154,1.3571428571428572,1.6153846153846154,0.7692307692307693,1.359304169960632,20,25,2,15,14,21,39,-18,-26.4,13,1,8,10,17,12,1,7,11,22,0.56,0.0769230769230769,0.0833333333333333,0.6666666666666666,0.84,1.56,-1.1604936908453674
Parma Calcio 1913,Cagliari Calcio,2.0,3.0,16,26,5,13,23,32,45,-13,-7.54,14,4,7,20,23,12,1,6,12,22,0.8846153846153846,0.2857142857142857,0.0833333333333333,0.71875,1.2307692307692308,1.7307692307692308,-0.7803674098119234,14,25,6,12,25,26,39,-13,-4.0,13,4,6,15,22,12,2,6,11,17,1.0,0.3076923076923077,0.1666666666666666,0.9615384615384616,1.04,1.56,-0.7090181502754234
SSC Napoli,Como 1907,3.0,1.0,2,26,17,3,57,42,20,22,98.62,12,9,2,18,8,13,8,1,23,11,2.1923076923076925,0.75,0.6153846153846154,1.3571428571428572,1.6153846153846154,0.7692307692307693,1.359304169960632,13,26,6,12,26,31,41,-10,1.54,12,4,5,19,20,13,2,7,11,20,1.0,0.3333333333333333,0.1538461538461538,0.8387096774193549,1.1923076923076923,1.5769230769230769,-0.5973585746166069
Hellas Verona FC,Venezia FC,2.0,1.0,17,25,7,16,23,26,54,-28,-32.8,12,3,8,11,30,13,4,8,15,24,0.92,0.25,0.3076923076923077,0.8846153846153846,1.04,2.16,-1.2894867024367798,19,26,3,15,17,22,41,-19,-25.69,13,3,6,12,15,13,0,9,10,26,0.6538461538461539,0.2307692307692307,0.0,0.7727272727272727,0.8461538461538461,1.5769230769230769,-1.1461835286219448
Udinese Calcio,US Lecce,1.0,0.0,10,26,10,10,36,33,37,-4,25.08,13,6,5,18,17,13,4,5,15,20,1.3846153846153846,0.4615384615384615,0.3076923076923077,1.0909090909090908,1.2692307692307692,1.4230769230769231,-0.1229061538569427,15,26,6,13,25,18,42,-24,-26.85,13,3,5,9,22,13,3,8,9,20,0.9615384615384616,0.2307692307692307,0.2307692307692307,1.3888888888888888,0.6923076923076923,1.6153846153846154,-1.1695635119728884
Atalanta BC,Genoa CFC,5.0,1.0,3,25,15,4,51,54,26,28,106.4,12,7,2,29,16,13,8,2,25,10,2.04,0.5833333333333334,0.6153846153846154,0.9444444444444444,2.16,1.04,1.516111299676443,12,26,7,10,30,24,34,-10,5.0,13,3,4,14,16,13,4,6,10,18,1.1538461538461535,0.2307692307692307,0.3076923076923077,1.25,0.9230769230769232,1.3076923076923077,-0.5276217277249995
FC Internazionale Milano,Torino FC,3.0,2.0,1,26,17,3,57,59,24,35,124.62,13,9,1,29,14,13,8,2,30,10,2.1923076923076925,0.6923076923076923,0.6153846153846154,0.9661016949152542,2.269230769230769,0.9230769230769232,1.8833382795507452,11,26,7,9,31,29,32,-3,19.38,13,4,4,12,12,13,3,5,17,20,1.1923076923076923,0.3076923076923077,0.2307692307692307,1.0689655172413792,1.1153846153846154,1.2307692307692308,-0.2377905548055445
Juventus FC,Cagliari Calcio,1.0,1.0,5,25,11,1,46,42,21,21,82.4,13,6,0,22,10,12,5,1,20,11,1.84,0.4615384615384615,0.4166666666666667,1.0952380952380951,1.68,0.84,1.0323875062086458,14,25,6,12,25,26,39,-13,-4.0,13,4,6,15,22,12,2,6,11,17,1.0,0.3076923076923077,0.1666666666666666,0.9615384615384616,1.04,1.56,-0.7090181502754234
Bologna FC 1909,Parma Calcio 1913,0.0,0.0,8,25,10,4,41,38,31,7,50.4,12,6,1,20,11,13,4,3,18,20,1.64,0.5,0.3076923076923077,1.0789473684210529,1.52,1.24,0.3874224482515831,16,26,5,13,23,32,45,-13,-7.54,14,4,7,20,23,12,1,6,12,22,0.8846153846153846,0.2857142857142857,0.0833333333333333,0.71875,1.2307692307692308,1.7307692307692308,-0.7803674098119234
SS Lazio,Empoli FC,2.0,1.0,4,26,14,7,47,47,34,13,71.0,13,7,2,27,19,13,7,5,20,15,1.807692307692308,0.5384615384615384,0.5384615384615384,1.0,1.807692307692308,1.3076923076923077,0.8026187043114422,18,25,4,12,21,22,38,-16,-15.6,12,1,6,5,14,13,3,6,17,24,0.84,0.0833333333333333,0.2307692307692307,0.9545454545454546,0.88,1.52,-0.9428179837848588
AC Monza,AS Roma,1.0,1.0,20,25,2,15,14,21,39,-18,-26.4,13,1,8,10,17,12,1,7,11,22,0.56,0.0769230769230769,0.0833333333333333,0.6666666666666666,0.84,1.56,-1.1604936908453674,9,25,10,8,37,36,29,7,48.8,12,7,4,24,12,13,3,4,12,17,1.48,0.5833333333333334,0.2307692307692307,1.0277777777777777,1.44,1.16,0.3551741953537299
ACF Fiorentina,AC Milan,2.0,1.0,6,25,12,7,42,41,27,14,68.8,13,7,3,22,15,12,5,4,19,12,1.68,0.5384615384615384,0.4166666666666667,1.024390243902439,1.64,1.08,0.7582773565768941,7,25,11,6,41,37,26,11,60.4,13,6,1,20,9,12,5,5,17,17,1.64,0.4615384615384615,0.4166666666666667,1.108108108108108,1.48,1.04,0.5889740288631652
Como 1907,Parma Calcio 1913,1.0,1.0,13,26,6,12,26,31,41,-10,1.54,12,4,5,19,20,13,2,7,11,20,1.0,0.3333333333333333,0.1538461538461538,0.8387096774193549,1.1923076923076923,1.5769230769230769,-0.5973585746166069,16,26,5,13,23,32,45,-13,-7.54,14,4,7,20,23,12,1,6,12,22,0.8846153846153846,0.2857142857142857,0.0833333333333333,0.71875,1.2307692307692308,1.7307692307692308,-0.7803674098119234
Genoa CFC,Bologna FC 1909,2.0,2.0,12,26,7,10,30,24,34,-10,5.0,13,3,4,14,16,13,4,6,10,18,1.1538461538461535,0.2307692307692307,0.3076923076923077,1.25,0.9230769230769232,1.3076923076923077,-0.5276217277249995,8,25,10,4,41,38,31,7,50.4,12,6,1,20,11,13,4,3,18,20,1.64,0.5,0.3076923076923077,1.0789473684210529,1.52,1.24,0.3874224482515831
AC Milan,Udinese Calcio,1.0,0.0,7,25,11,6,41,37,26,11,60.4,13,6,1,20,9,12,5,5,17,17,1.64,0.4615384615384615,0.4166666666666667,1.108108108108108,1.48,1.04,0.5889740288631652,10,26,10,10,36,33,37,-4,25.08,13,6,5,18,17,13,4,5,15,20,1.3846153846153846,0.4615384615384615,0.3076923076923077,1.0909090909090908,1.2692307692307692,1.4230769230769231,-0.1229061538569427
Juventus FC,SS Lazio,1.0,0.0,5,25,11,1,46,42,21,21,82.4,13,6,0,22,10,12,5,1,20,11,1.84,0.4615384615384615,0.4166666666666667,1.0952380952380951,1.68,0.84,1.0323875062086458,4,26,14,7,47,47,34,13,71.0,13,7,2,27,19,13,7,5,20,15,1.807692307692308,0.5384615384615384,0.5384615384615384,1.0,1.807692307692308,1.3076923076923077,0.8026187043114422
Empoli FC,SSC Napoli,0.0,1.0,18,25,4,12,21,22,38,-16,-15.6,12,1,6,5,14,13,3,6,17,24,0.84,0.0833333333333333,0.2307692307692307,0.9545454545454546,0.88,1.52,-0.9428179837848588,2,26,17,3,57,42,20,22,98.62,12,9,2,18,8,13,8,1,23,11,2.1923076923076925,0.75,0.6153846153846154,1.3571428571428572,1.6153846153846154,0.7692307692307693,1.359304169960632
US Lecce,ACF Fiorentina,0.0,6.0,15,26,6,13,25,18,42,-24,-26.85,13,3,5,9,22,13,3,8,9,20,0.9615384615384616,0.2307692307692307,0.2307692307692307,1.3888888888888888,0.6923076923076923,1.6153846153846154,-1.1695635119728884,6,25,12,7,42,41,27,14,68.8,13,7,3,22,15,12,5,4,19,12,1.68,0.5384615384615384,0.4166666666666667,1.024390243902439,1.64,1.08,0.7582773565768941
Venezia FC,Atalanta BC,0.0,2.0,19,26,3,15,17,22,41,-19,-25.69,13,3,6,12,15,13,0,9,10,26,0.6538461538461539,0.2307692307692307,0.0,0.7727272727272727,0.8461538461538461,1.5769230769230769,-1.1461835286219448,3,25,15,4,51,54,26,28,106.4,12,7,2,29,16,13,8,2,25,10,2.04,0.5833333333333334,0.6153846153846154,0.9444444444444444,2.16,1.04,1.516111299676443
Cagliari Calcio,Torino FC,3.0,2.0,14,25,6,12,25,26,39,-13,-4.0,13,4,6,15,22,12,2,6,11,17,1.0,0.3076923076923077,0.1666666666666666,0.9615384615384616,1.04,1.56,-0.7090181502754234,11,26,7,9,31,29,32,-3,19.38,13,4,4,12,12,13,3,5,17,20,1.1923076923076923,0.3076923076923077,0.2307692307692307,1.0689655172413792,1.1153846153846154,1.2307692307692308,-0.2377905548055445
AS Roma,FC Internazionale Milano,0.0,1.0,9,25,10,8,37,36,29,7,48.8,12,7,4,24,12,13,3,4,12,17,1.48,0.5833333333333334,0.2307692307692307,1.0277777777777777,1.44,1.16,0.3551741953537299,1,26,17,3,57,59,24,35,124.62,13,9,1,29,14,13,8,2,30,10,2.1923076923076925,0.6923076923076923,0.6153846153846154,0.9661016949152542,2.269230769230769,0.9230769230769232,1.8833382795507452
Hellas Verona FC,AC Monza,0.0,3.0,17,25,7,16,23,26,54,-28,-32.8,12,3,8,11,30,13,4,8,15,24,0.92,0.25,0.3076923076923077,0.8846153846153846,1.04,2.16,-1.2894867024367798,20,25,2,15,14,21,39,-18,-26.4,13,1,8,10,17,12,1,7,11,22,0.56,0.0769230769230769,0.0833333333333333,0.6666666666666666,0.84,1.56,-1.1604936908453674
Udinese Calcio,Cagliari Calcio,2.0,0.0,10,26,10,10,36,33,37,-4,25.08,13,6,5,18,17,13,4,5,15,20,1.3846153846153846,0.4615384615384615,0.3076923076923077,1.0909090909090908,1.2692307692307692,1.4230769230769231,-0.1229061538569427,14,25,6,12,25,26,39,-13,-4.0,13,4,6,15,22,12,2,6,11,17,1.0,0.3076923076923077,0.1666666666666666,0.9615384615384616,1.04,1.56,-0.7090181502754234
Torino FC,Como 1907,1.0,0.0,11,26,7,9,31,29,32,-3,19.38,13,4,4,12,12,13,3,5,17,20,1.1923076923076923,0.3076923076923077,0.2307692307692307,1.0689655172413792,1.1153846153846154,1.2307692307692308,-0.2377905548055445,13,26,6,12,26,31,41,-10,1.54,12,4,5,19,20,13,2,7,11,20,1.0,0.3333333333333333,0.1538461538461538,0.8387096774193549,1.1923076923076923,1.5769230769230769,-0.5973585746166069
SSC Napoli,US Lecce,1.0,0.0,2,26,17,3,57,42,20,22,98.62,12,9,2,18,8,13,8,1,23,11,2.1923076923076925,0.75,0.6153846153846154,1.3571428571428572,1.6153846153846154,0.7692307692307693,1.359304169960632,15,26,6,13,25,18,42,-24,-26.85,13,3,5,9,22,13,3,8,9,20,0.9615384615384616,0.2307692307692307,0.2307692307692307,1.3888888888888888,0.6923076923076923,1.6153846153846154,-1.1695635119728884
Atalanta BC,Hellas Verona FC,6.0,1.0,3,25,15,4,51,54,26,28,106.4,12,7,2,29,16,13,8,2,25,10,2.04,0.5833333333333334,0.6153846153846154,0.9444444444444444,2.16,1.04,1.516111299676443,17,25,7,16,23,26,54,-28,-32.8,12,3,8,11,30,13,4,8,15,24,0.92,0.25,0.3076923076923077,0.8846153846153846,1.04,2.16,-1.2894867024367798
Parma Calcio 1913,Empoli FC,1.0,1.0,16,26,5,13,23,32,45,-13,-7.54,14,4,7,20,23,12,1,6,12,22,0.8846153846153846,0.2857142857142857,0.0833333333333333,0.71875,1.2307692307692308,1.7307692307692308,-0.7803674098119234,18,25,4,12,21,22,38,-16,-15.6,12,1,6,5,14,13,3,6,17,24,0.84,0.0833333333333333,0.2307692307692307,0.9545454545454546,0.88,1.52,-0.9428179837848588
SS Lazio,Genoa CFC,3.0,0.0,4,26,14,7,47,47,34,13,71.0,13,7,2,27,19,13,7,5,20,15,1.807692307692308,0.5384615384615384,0.5384615384615384,1.0,1.807692307692308,1.3076923076923077,0.8026187043114422,12,26,7,10,30,24,34,-10,5.0,13,3,4,14,16,13,4,6,10,18,1.1538461538461535,0.2307692307692307,0.3076923076923077,1.25,0.9230769230769232,1.3076923076923077,-0.5276217277249995
AC Monza,Venezia FC,2.0,2.0,20,25,2,15,14,21,39,-18,-26.4,13,1,8,10,17,12,1,7,11,22,0.56,0.0769230769230769,0.0833333333333333,0.6666666666666666,0.84,1.56,-1.1604936908453674,19,26,3,15,17,22,41,-19,-25.69,13,3,6,12,15,13,0,9,10,26,0.6538461538461539,0.2307692307692307,0.0,0.7727272727272727,0.8461538461538461,1.5769230769230769,-1.1461835286219448
FC Internazionale Milano,Juventus FC,4.0,4.0,1,26,17,3,57,59,24,35,124.62,13,9,1,29,14,13,8,2,30,10,2.1923076923076925,0.6923076923076923,0.6153846153846154,0.9661016949152542,2.269230769230769,0.9230769230769232,1.8833382795507452,5,25,11,1,46,42,21,21,82.4,13,6,0,22,10,12,5,1,20,11,1.84,0.4615384615384615,0.4166666666666667,1.0952380952380951,1.68,0.84,1.0323875062086458
ACF Fiorentina,AS Roma,5.0,1.0,6,25,12,7,42,41,27,14,68.8,13,7,3,22,15,12,5,4,19,12,1.68,0.5384615384615384,0.4166666666666667,1.024390243902439,1.64,1.08,0.7582773565768941,9,25,10,8,37,36,29,7,48.8,12,7,4,24,12,13,3,4,12,17,1.48,0.5833333333333334,0.2307692307692307,1.0277777777777777,1.44,1.16,0.3551741953537299
Cagliari Calcio,Bologna FC 1909,0.0,2.0,14,25,6,12,25,26,39,-13,-4.0,13,4,6,15,22,12,2,6,11,17,1.0,0.3076923076923077,0.1666666666666666,0.9615384615384616,1.04,1.56,-0.7090181502754234,8,25,10,4,41,38,31,7,50.4,12,6,1,20,11,13,4,3,18,20,1.64,0.5,0.3076923076923077,1.0789473684210529,1.52,1.24,0.3874224482515831
US Lecce,Hellas Verona FC,1.0,0.0,15,26,6,13,25,18,42,-24,-26.85,13,3,5,9,22,13,3,8,9,20,0.9615384615384616,0.2307692307692307,0.2307692307692307,1.3888888888888888,0.6923076923076923,1.6153846153846154,-1.1695635119728884,17,25,7,16,23,26,54,-28,-32.8,12,3,8,11,30,13,4,8,15,24,0.92,0.25,0.3076923076923077,0.8846153846153846,1.04,2.16,-1.2894867024367798
AC Milan,SSC Napoli,0.0,2.0,7,25,11,6,41,37,26,11,60.4,13,6,1,20,9,12,5,5,17,17,1.64,0.4615384615384615,0.4166666666666667,1.108108108108108,1.48,1.04,0.5889740288631652,2,26,17,3,57,42,20,22,98.62,12,9,2,18,8,13,8,1,23,11,2.1923076923076925,0.75,0.6153846153846154,1.3571428571428572,1.6153846153846154,0.7692307692307693,1.359304169960632
Empoli FC,FC Internazionale Milano,0.0,3.0,18,25,4,12,21,22,38,-16,-15.6,12,1,6,5,14,13,3,6,17,24,0.84,0.0833333333333333,0.2307692307692307,0.9545454545454546,0.88,1.52,-0.9428179837848588,1,26,17,3,57,59,24,35,124.62,13,9,1,29,14,13,8,2,30,10,2.1923076923076925,0.6923076923076923,0.6153846153846154,0.9661016949152542,2.269230769230769,0.9230769230769232,1.8833382795507452
Venezia FC,Udinese Calcio,3.0,2.0,19,26,3,15,17,22,41,-19,-25.69,13,3,6,12,15,13,0,9,10,26,0.6538461538461539,0.2307692307692307,0.0,0.7727272727272727,0.8461538461538461,1.5769230769230769,-1.1461835286219448,10,26,10,10,36,33,37,-4,25.08,13,6,5,18,17,13,4,5,15,20,1.3846153846153846,0.4615384615384615,0.3076923076923077,1.0909090909090908,1.2692307692307692,1.4230769230769231,-0.1229061538569427
Atalanta BC,AC Monza,2.0,0.0,3,25,15,4,51,54,26,28,106.4,12,7,2,29,16,13,8,2,25,10,2.04,0.5833333333333334,0.6153846153846154,0.9444444444444444,2.16,1.04,1.516111299676443,20,25,2,15,14,21,39,-18,-26.4,13,1,8,10,17,12,1,7,11,22,0.56,0.0769230769230769,0.0833333333333333,0.6666666666666666,0.84,1.56,-1.1604936908453674
Juventus FC,Parma Calcio 1913,2.0,2.0,5,25,11,1,46,42,21,21,82.4,13,6,0,22,10,12,5,1,20,11,1.84,0.4615384615384615,0.4166666666666667,1.0952380952380951,1.68,0.84,1.0323875062086458,16,26,5,13,23,32,45,-13,-7.54,14,4,7,20,23,12,1,6,12,22,0.8846153846153846,0.2857142857142857,0.0833333333333333,0.71875,1.2307692307692308,1.7307692307692308,-0.7803674098119234
Genoa CFC,ACF Fiorentina,0.0,1.0,12,26,7,10,30,24,34,-10,5.0,13,3,4,14,16,13,4,6,10,18,1.1538461538461535,0.2307692307692307,0.3076923076923077,1.25,0.9230769230769232,1.3076923076923077,-0.5276217277249995,6,25,12,7,42,41,27,14,68.8,13,7,3,22,15,12,5,4,19,12,1.68,0.5384615384615384,0.4166666666666667,1.024390243902439,1.64,1.08,0.7582773565768941
Como 1907,SS Lazio,1.0,5.0,13,26,6,12,26,31,41,-10,1.54,12,4,5,19,20,13,2,7,11,20,1.0,0.3333333333333333,0.1538461538461538,0.8387096774193549,1.1923076923076923,1.5769230769230769,-0.5973585746166069,4,26,14,7,47,47,34,13,71.0,13,7,2,27,19,13,7,5,20,15,1.807692307692308,0.5384615384615384,0.5384615384615384,1.0,1.807692307692308,1.3076923076923077,0.8026187043114422
AS Roma,Torino FC,1.0,0.0,9,25,10,8,37,36,29,7,48.8,12,7,4,24,12,13,3,4,12,17,1.48,0.5833333333333334,0.2307692307692307,1.0277777777777777,1.44,1.16,0.3551741953537299,11,26,7,9,31,29,32,-3,19.38,13,4,4,12,12,13,3,5,17,20,1.1923076923076923,0.3076923076923077,0.2307692307692307,1.0689655172413792,1.1153846153846154,1.2307692307692308,-0.2377905548055445
Bologna FC 1909,US Lecce,1.0,0.0,8,25,10,4,41,38,31,7,50.4,12,6,1,20,11,13,4,3,18,20,1.64,0.5,0.3076923076923077,1.0789473684210529,1.52,1.24,0.3874224482515831,15,26,6,13,25,18,42,-24,-26.85,13,3,5,9,22,13,3,8,9,20,0.9615384615384616,0.2307692307692307,0.2307692307692307,1.3888888888888888,0.6923076923076923,1.6153846153846154,-1.1695635119728884
Udinese Calcio,Juventus FC,0.0,2.0,10,26,10,10,36,33,37,-4,25.08,13,6,5,18,17,13,4,5,15,20,1.3846153846153846,0.4615384615384615,0.3076923076923077,1.0909090909090908,1.2692307692307692,1.4230769230769231,-0.1229061538569427,5,25,11,1,46,42,21,21,82.4,13,6,0,22,10,12,5,1,20,11,1.84,0.4615384615384615,0.4166666666666667,1.0952380952380951,1.68,0.84,1.0323875062086458
AC Monza,AC Milan,0.0,1.0,20,25,2,15,14,21,39,-18,-26.4,13,1,8,10,17,12,1,7,11,22,0.56,0.0769230769230769,0.0833333333333333,0.6666666666666666,0.84,1.56,-1.1604936908453674,7,25,11,6,41,37,26,11,60.4,13,6,1,20,9,12,5,5,17,17,1.64,0.4615384615384615,0.4166666666666667,1.108108108108108,1.48,1.04,0.5889740288631652
SSC Napoli,Atalanta BC,0.0,3.0,2,26,17,3,57,42,20,22,98.62,12,9,2,18,8,13,8,1,23,11,2.1923076923076925,0.75,0.6153846153846154,1.3571428571428572,1.6153846153846154,0.7692307692307693,1.359304169960632,3,25,15,4,51,54,26,28,106.4,12,7,2,29,16,13,8,2,25,10,2.04,0.5833333333333334,0.6153846153846154,0.9444444444444444,2.16,1.04,1.516111299676443
Torino FC,ACF Fiorentina,0.0,1.0,11,26,7,9,31,29,32,-3,19.38,13,4,4,12,12,13,3,5,17,20,1.1923076923076923,0.3076923076923077,0.2307692307692307,1.0689655172413792,1.1153846153846154,1.2307692307692308,-0.2377905548055445,6,25,12,7,42,41,27,14,68.8,13,7,3,22,15,12,5,4,19,12,1.68,0.5384615384615384,0.4166666666666667,1.024390243902439,1.64,1.08,0.7582773565768941
Hellas Verona FC,AS Roma,3.0,2.0,17,25,7,16,23,26,54,-28,-32.8,12,3,8,11,30,13,4,8,15,24,0.92,0.25,0.3076923076923077,0.8846153846153846,1.04,2.16,-1.2894867024367798,9,25,10,8,37,36,29,7,48.8,12,7,4,24,12,13,3,4,12,17,1.48,0.5833333333333334,0.2307692307692307,1.0277777777777777,1.44,1.16,0.3551741953537299
FC Internazionale Milano,Venezia FC,1.0,0.0,1,26,17,3,57,59,24,35,124.62,13,9,1,29,14,13,8,2,30,10,2.1923076923076925,0.6923076923076923,0.6153846153846154,0.9661016949152542,2.269230769230769,0.9230769230769232,1.8833382795507452,19,26,3,15,17,22,41,-19,-25.69,13,3,6,12,15,13,0,9,10,26,0.6538461538461539,0.2307692307692307,0.0,0.7727272727272727,0.8461538461538461,1.5769230769230769,-1.1461835286219448
Empoli FC,Como 1907,1.0,0.0,18,25,4,12,21,22,38,-16,-15.6,12,1,6,5,14,13,3,6,17,24,0.84,0.0833333333333333,0.2307692307692307,0.9545454545454546,0.88,1.52,-0.9428179837848588,13,26,6,12,26,31,41,-10,1.54,12,4,5,19,20,13,2,7,11,20,1.0,0.3333333333333333,0.1538461538461538,0.8387096774193549,1.1923076923076923,1.5769230769230769,-0.5973585746166069
Parma Calcio 1913,Genoa CFC,0.0,1.0,16,26,5,13,23,32,45,-13,-7.54,14,4,7,20,23,12,1,6,12,22,0.8846153846153846,0.2857142857142857,0.0833333333333333,0.71875,1.2307692307692308,1.7307692307692308,-0.7803674098119234,12,26,7,10,30,24,34,-10,5.0,13,3,4,14,16,13,4,6,10,18,1.1538461538461535,0.2307692307692307,0.3076923076923077,1.25,0.9230769230769232,1.3076923076923077,-0.5276217277249995
SS Lazio,Cagliari Calcio,2.0,1.0,4,26,14,7,47,47,34,13,71.0,13,7,2,27,19,13,7,5,20,15,1.807692307692308,0.5384615384615384,0.5384615384615384,1.0,1.807692307692308,1.3076923076923077,0.8026187043114422,14,25,6,12,25,26,39,-13,-4.0,13,4,6,15,22,12,2,6,11,17,1.0,0.3076923076923077,0.1666666666666666,0.9615384615384616,1.04,1.56,-0.7090181502754234
Genoa CFC,Como 1907,1.0,1.0,12,26,7,10,30,24,34,-10,5.0,13,3,4,14,16,13,4,6,10,18,1.1538461538461535,0.2307692307692307,0.3076923076923077,1.25,0.9230769230769232,1.3076923076923077,-0.5276217277249995,13,26,6,12,26,31,41,-10,1.54,12,4,5,19,20,13,2,7,11,20,1.0,0.3333333333333333,0.1538461538461538,0.8387096774193549,1.1923076923076923,1.5769230769230769,-0.5973585746166069
US Lecce,Empoli FC,1.0,1.0,15,26,6,13,25,18,42,-24,-26.85,13,3,5,9,22,13,3,8,9,20,0.9615384615384616,0.2307692307692307,0.2307692307692307,1.3888888888888888,0.6923076923076923,1.6153846153846154,-1.1695635119728884,18,25,4,12,21,22,38,-16,-15.6,12,1,6,5,14,13,3,6,17,24,0.84,0.0833333333333333,0.2307692307692307,0.9545454545454546,0.88,1.52,-0.9428179837848588
Venezia FC,Parma Calcio 1913,1.0,2.0,19,26,3,15,17,22,41,-19,-25.69,13,3,6,12,15,13,0,9,10,26,0.6538461538461539,0.2307692307692307,0.0,0.7727272727272727,0.8461538461538461,1.5769230769230769,-1.1461835286219448,16,26,5,13,23,32,45,-13,-7.54,14,4,7,20,23,12,1,6,12,22,0.8846153846153846,0.2857142857142857,0.0833333333333333,0.71875,1.2307692307692308,1.7307692307692308,-0.7803674098119234
Cagliari Calcio,AC Milan,3.0,3.0,14,25,6,12,25,26,39,-13,-4.0,13,4,6,15,22,12,2,6,11,17,1.0,0.3076923076923077,0.1666666666666666,0.9615384615384616,1.04,1.56,-0.7090181502754234,7,25,11,6,41,37,26,11,60.4,13,6,1,20,9,12,5,5,17,17,1.64,0.4615384615384615,0.4166666666666667,1.108108108108108,1.48,1.04,0.5889740288631652
Juventus FC,Torino FC,2.0,0.0,5,25,11,1,46,42,21,21,82.4,13,6,0,22,10,12,5,1,20,11,1.84,0.4615384615384615,0.4166666666666667,1.0952380952380951,1.68,0.84,1.0323875062086458,11,26,7,9,31,29,32,-3,19.38,13,4,4,12,12,13,3,5,17,20,1.1923076923076923,0.3076923076923077,0.2307692307692307,1.0689655172413792,1.1153846153846154,1.2307692307692308,-0.2377905548055445
Atalanta BC,Udinese Calcio,2.0,1.0,3,25,15,4,51,54,26,28,106.4,12,7,2,29,16,13,8,2,25,10,2.04,0.5833333333333334,0.6153846153846154,0.9444444444444444,2.16,1.04,1.516111299676443,10,26,10,10,36,33,37,-4,25.08,13,6,5,18,17,13,4,5,15,20,1.3846153846153846,0.4615384615384615,0.3076923076923077,1.0909090909090908,1.2692307692307692,1.4230769230769231,-0.1229061538569427
ACF Fiorentina,Hellas Verona FC,3.0,1.0,6,25,12,7,42,41,27,14,68.8,13,7,3,22,15,12,5,4,19,12,1.68,0.5384615384615384,0.4166666666666667,1.024390243902439,1.64,1.08,0.7582773565768941,17,25,7,16,23,26,54,-28,-32.8,12,3,8,11,30,13,4,8,15,24,0.92,0.25,0.3076923076923077,0.8846153846153846,1.04,2.16,-1.2894867024367798
AS Roma,Bologna FC 1909,2.0,3.0,9,25,10,8,37,36,29,7,48.8,12,7,4,24,12,13,3,4,12,17,1.48,0.5833333333333334,0.2307692307692307,1.0277777777777777,1.44,1.16,0.3551741953537299,8,25,10,4,41,38,31,7,50.4,12,6,1,20,11,13,4,3,18,20,1.64,0.5,0.3076923076923077,1.0789473684210529,1.52,1.24,0.3874224482515831
AC Monza,SS Lazio,0.0,1.0,20,25,2,15,14,21,39,-18,-26.4,13,1,8,10,17,12,1,7,11,22,0.56,0.0769230769230769,0.0833333333333333,0.6666666666666666,0.84,1.56,-1.1604936908453674,4,26,14,7,47,47,34,13,71.0,13,7,2,27,19,13,7,5,20,15,1.807692307692308,0.5384615384615384,0.5384615384615384,1.0,1.807692307692308,1.3076923076923077,0.8026187043114422
FC Internazionale Milano,SSC Napoli,1.0,1.0,1,26,17,3,57,59,24,35,124.62,13,9,1,29,14,13,8,2,30,10,2.1923076923076925,0.6923076923076923,0.6153846153846154,0.9661016949152542,2.269230769230769,0.9230769230769232,1.8833382795507452,2,26,17,3,57,42,20,22,98.62,12,9,2,18,8,13,8,1,23,11,2.1923076923076925,0.75,0.6153846153846154,1.3571428571428572,1.6153846153846154,0.7692307692307693,1.359304169960632
Hellas Verona FC,FC Internazionale Milano,0.0,5.0,17,25,7,16,23,26,54,-28,-32.8,12,3,8,11,30,13,4,8,15,24,0.92,0.25,0.3076923076923077,0.8846153846153846,1.04,2.16,-1.2894867024367798,1,26,17,3,57,59,24,35,124.62,13,9,1,29,14,13,8,2,30,10,2.1923076923076925,0.6923076923076923,0.6153846153846154,0.9661016949152542,2.269230769230769,0.9230769230769232,1.8833382795507452
AC Milan,Juventus FC,0.0,0.0,7,25,11,6,41,37,26,11,60.4,13,6,1,20,9,12,5,5,17,17,1.64,0.4615384615384615,0.4166666666666667,1.108108108108108,1.48,1.04,0.5889740288631652,5,25,11,1,46,42,21,21,82.4,13,6,0,22,10,12,5,1,20,11,1.84,0.4615384615384615,0.4166666666666667,1.0952380952380951,1.68,0.84,1.0323875062086458
Parma Calcio 1913,Atalanta BC,1.0,3.0,16,26,5,13,23,32,45,-13,-7.54,14,4,7,20,23,12,1,6,12,22,0.8846153846153846,0.2857142857142857,0.0833333333333333,0.71875,1.2307692307692308,1.7307692307692308,-0.7803674098119234,3,25,15,4,51,54,26,28,106.4,12,7,2,29,16,13,8,2,25,10,2.04,0.5833333333333334,0.6153846153846154,0.9444444444444444,2.16,1.04,1.516111299676443
Genoa CFC,Cagliari Calcio,2.0,2.0,12,26,7,10,30,24,34,-10,5.0,13,3,4,14,16,13,4,6,10,18,1.1538461538461535,0.2307692307692307,0.3076923076923077,1.25,0.9230769230769232,1.3076923076923077,-0.5276217277249995,14,25,6,12,25,26,39,-13,-4.0,13,4,6,15,22,12,2,6,11,17,1.0,0.3076923076923077,0.1666666666666666,0.9615384615384616,1.04,1.56,-0.7090181502754234
Como 1907,ACF Fiorentina,0.0,2.0,13,26,6,12,26,31,41,-10,1.54,12,4,5,19,20,13,2,7,11,20,1.0,0.3333333333333333,0.1538461538461538,0.8387096774193549,1.1923076923076923,1.5769230769230769,-0.5973585746166069,6,25,12,7,42,41,27,14,68.8,13,7,3,22,15,12,5,4,19,12,1.68,0.5384615384615384,0.4166666666666667,1.024390243902439,1.64,1.08,0.7582773565768941
Torino FC,AC Monza,1.0,1.0,11,26,7,9,31,29,32,-3,19.38,13,4,4,12,12,13,3,5,17,20,1.1923076923076923,0.3076923076923077,0.2307692307692307,1.0689655172413792,1.1153846153846154,1.2307692307692308,-0.2377905548055445,20,25,2,15,14,21,39,-18,-26.4,13,1,8,10,17,12,1,7,11,22,0.56,0.0769230769230769,0.0833333333333333,0.6666666666666666,0.84,1.56,-1.1604936908453674
SSC Napoli,AS Roma,1.0,0.0,2,26,17,3,57,42,20,22,98.62,12,9,2,18,8,13,8,1,23,11,2.1923076923076925,0.75,0.6153846153846154,1.3571428571428572,1.6153846153846154,0.7692307692307693,1.359304169960632,9,25,10,8,37,36,29,7,48.8,12,7,4,24,12,13,3,4,12,17,1.48,0.5833333333333334,0.2307692307692307,1.0277777777777777,1.44,1.16,0.3551741953537299
SS Lazio,Bologna FC 1909,3.0,0.0,4,26,14,7,47,47,34,13,71.0,13,7,2,27,19,13,7,5,20,15,1.807692307692308,0.5384615384615384,0.5384615384615384,1.0,1.807692307692308,1.3076923076923077,0.8026187043114422,8,25,10,4,41,38,31,7,50.4,12,6,1,20,11,13,4,3,18,20,1.64,0.5,0.3076923076923077,1.0789473684210529,1.52,1.24,0.3874224482515831
Empoli FC,Udinese Calcio,1.0,1.0,18,25,4,12,21,22,38,-16,-15.6,12,1,6,5,14,13,3,6,17,24,0.84,0.0833333333333333,0.2307692307692307,0.9545454545454546,0.88,1.52,-0.9428179837848588,10,26,10,10,36,33,37,-4,25.08,13,6,5,18,17,13,4,5,15,20,1.3846153846153846,0.4615384615384615,0.3076923076923077,1.0909090909090908,1.2692307692307692,1.4230769230769231,-0.1229061538569427
Venezia FC,US Lecce,0.0,1.0,19,26,3,15,17,22,41,-19,-25.69,13,3,6,12,15,13,0,9,10,26,0.6538461538461539,0.2307692307692307,0.0,0.7727272727272727,0.8461538461538461,1.5769230769230769,-1.1461835286219448,15,26,6,13,25,18,42,-24,-26.85,13,3,5,9,22,13,3,8,9,20,0.9615384615384616,0.2307692307692307,0.2307692307692307,1.3888888888888888,0.6923076923076923,1.6153846153846154,-1.1695635119728884
Cagliari Calcio,Hellas Verona FC,1.0,0.0,14,25,6,12,25,26,39,-13,-4.0,13,4,6,15,22,12,2,6,11,17,1.0,0.3076923076923077,0.1666666666666666,0.9615384615384616,1.04,1.56,-0.7090181502754234,17,25,7,16,23,26,54,-28,-32.8,12,3,8,11,30,13,4,8,15,24,0.92,0.25,0.3076923076923077,0.8846153846153846,1.04,2.16,-1.2894867024367798
Como 1907,AC Monza,1.0,1.0,13,26,6,12,26,31,41,-10,1.54,12,4,5,19,20,13,2,7,11,20,1.0,0.3333333333333333,0.1538461538461538,0.8387096774193549,1.1923076923076923,1.5769230769230769,-0.5973585746166069,20,25,2,15,14,21,39,-18,-26.4,13,1,8,10,17,12,1,7,11,22,0.56,0.0769230769230769,0.0833333333333333,0.6666666666666666,0.84,1.56,-1.1604936908453674
AC Milan,Empoli FC,3.0,0.0,7,25,11,6,41,37,26,11,60.4,13,6,1,20,9,12,5,5,17,17,1.64,0.4615384615384615,0.4166666666666667,1.108108108108108,1.48,1.04,0.5889740288631652,18,25,4,12,21,22,38,-16,-15.6,12,1,6,5,14,13,3,6,17,24,0.84,0.0833333333333333,0.2307692307692307,0.9545454545454546,0.88,1.52,-0.9428179837848588
Bologna FC 1909,Venezia FC,3.0,0.0,8,25,10,4,41,38,31,7,50.4,12,6,1,20,11,13,4,3,18,20,1.64,0.5,0.3076923076923077,1.0789473684210529,1.52,1.24,0.3874224482515831,19,26,3,15,17,22,41,-19,-25.69,13,3,6,12,15,13,0,9,10,26,0.6538461538461539,0.2307692307692307,0.0,0.7727272727272727,0.8461538461538461,1.5769230769230769,-1.1461835286219448
Udinese Calcio,Genoa CFC,0.0,2.0,10,26,10,10,36,33,37,-4,25.08,13,6,5,18,17,13,4,5,15,20,1.3846153846153846,0.4615384615384615,0.3076923076923077,1.0909090909090908,1.2692307692307692,1.4230769230769231,-0.1229061538569427,12,26,7,10,30,24,34,-10,5.0,13,3,4,14,16,13,4,6,10,18,1.1538461538461535,0.2307692307692307,0.3076923076923077,1.25,0.9230769230769232,1.3076923076923077,-0.5276217277249995
Parma Calcio 1913,SS Lazio,3.0,1.0,16,26,5,13,23,32,45,-13,-7.54,14,4,7,20,23,12,1,6,12,22,0.8846153846153846,0.2857142857142857,0.0833333333333333,0.71875,1.2307692307692308,1.7307692307692308,-0.7803674098119234,4,26,14,7,47,47,34,13,71.0,13,7,2,27,19,13,7,5,20,15,1.807692307692308,0.5384615384615384,0.5384615384615384,1.0,1.807692307692308,1.3076923076923077,0.8026187043114422
Torino FC,SSC Napoli,0.0,1.0,11,26,7,9,31,29,32,-3,19.38,13,4,4,12,12,13,3,5,17,20,1.1923076923076923,0.3076923076923077,0.2307692307692307,1.0689655172413792,1.1153846153846154,1.2307692307692308,-0.2377905548055445,2,26,17,3,57,42,20,22,98.62,12,9,2,18,8,13,8,1,23,11,2.1923076923076925,0.75,0.6153846153846154,1.3571428571428572,1.6153846153846154,0.7692307692307693,1.359304169960632
US Lecce,Juventus FC,1.0,1.0,15,26,6,13,25,18,42,-24,-26.85,13,3,5,9,22,13,3,8,9,20,0.9615384615384616,0.2307692307692307,0.2307692307692307,1.3888888888888888,0.6923076923076923,1.6153846153846154,-1.1695635119728884,5,25,11,1,46,42,21,21,82.4,13,6,0,22,10,12,5,1,20,11,1.84,0.4615384615384615,0.4166666666666667,1.0952380952380951,1.68,0.84,1.0323875062086458
AS Roma,Atalanta BC,0.0,2.0,9,25,10,8,37,36,29,7,48.8,12,7,4,24,12,13,3,4,12,17,1.48,0.5833333333333334,0.2307692307692307,1.0277777777777777,1.44,1.16,0.3551741953537299,3,25,15,4,51,54,26,28,106.4,12,7,2,29,16,13,8,2,25,10,2.04,0.5833333333333334,0.6153846153846154,0.9444444444444444,2.16,1.04,1.516111299676443
FC Internazionale Milano,Parma Calcio 1913,3.0,1.0,1,26,17,3,57,59,24,35,124.62,13,9,1,29,14,13,8,2,30,10,2.1923076923076925,0.6923076923076923,0.6153846153846154,0.9661016949152542,2.269230769230769,0.9230769230769232,1.8833382795507452,16,26,5,13,23,32,45,-13,-7.54,14,4,7,20,23,12,1,6,12,22,0.8846153846153846,0.2857142857142857,0.0833333333333333,0.71875,1.2307692307692308,1.7307692307692308,-0.7803674098119234
Atalanta BC,AC Milan,2.0,1.0,3,25,15,4,51,54,26,28,106.4,12,7,2,29,16,13,8,2,25,10,2.04,0.5833333333333334,0.6153846153846154,0.9444444444444444,2.16,1.04,1.516111299676443,7,25,11,6,41,37,26,11,60.4,13,6,1,20,9,12,5,5,17,17,1.64,0.4615384615384615,0.4166666666666667,1.108108108108108,1.48,1.04,0.5889740288631652
Genoa CFC,Torino FC,0.0,0.0,12,26,7,10,30,24,34,-10,5.0,13,3,4,14,16,13,4,6,10,18,1.1538461538461535,0.2307692307692307,0.3076923076923077,1.25,0.9230769230769232,1.3076923076923077,-0.5276217277249995,11,26,7,9,31,29,32,-3,19.38,13,4,4,12,12,13,3,5,17,20,1.1923076923076923,0.3076923076923077,0.2307692307692307,1.0689655172413792,1.1153846153846154,1.2307692307692308,-0.2377905548055445
Juventus FC,Bologna FC 1909,2.0,2.0,5,25,11,1,46,42,21,21,82.4,13,6,0,22,10,12,5,1,20,11,1.84,0.4615384615384615,0.4166666666666667,1.0952380952380951,1.68,0.84,1.0323875062086458,8,25,10,4,41,38,31,7,50.4,12,6,1,20,11,13,4,3,18,20,1.64,0.5,0.3076923076923077,1.0789473684210529,1.52,1.24,0.3874224482515831
AS Roma,US Lecce,4.0,1.0,9,25,10,8,37,36,29,7,48.8,12,7,4,24,12,13,3,4,12,17,1.48,0.5833333333333334,0.2307692307692307,1.0277777777777777,1.44,1.16,0.3551741953537299,15,26,6,13,25,18,42,-24,-26.85,13,3,5,9,22,13,3,8,9,20,0.9615384615384616,0.2307692307692307,0.2307692307692307,1.3888888888888888,0.6923076923076923,1.6153846153846154,-1.1695635119728884
ACF Fiorentina,Cagliari Calcio,1.0,0.0,6,25,12,7,42,41,27,14,68.8,13,7,3,22,15,12,5,4,19,12,1.68,0.5384615384615384,0.4166666666666667,1.024390243902439,1.64,1.08,0.7582773565768941,14,25,6,12,25,26,39,-13,-4.0,13,4,6,15,22,12,2,6,11,17,1.0,0.3076923076923077,0.1666666666666666,0.9615384615384616,1.04,1.56,-0.7090181502754234
Hellas Verona FC,Empoli FC,1.0,4.0,17,25,7,16,23,26,54,-28,-32.8,12,3,8,11,30,13,4,8,15,24,0.92,0.25,0.3076923076923077,0.8846153846153846,1.04,2.16,-1.2894867024367798,18,25,4,12,21,22,38,-16,-15.6,12,1,6,5,14,13,3,6,17,24,0.84,0.0833333333333333,0.2307692307692307,0.9545454545454546,0.88,1.52,-0.9428179837848588
Venezia FC,Como 1907,2.0,2.0,19,26,3,15,17,22,41,-19,-25.69,13,3,6,12,15,13,0,9,10,26,0.6538461538461539,0.2307692307692307,0.0,0.7727272727272727,0.8461538461538461,1.5769230769230769,-1.1461835286219448,13,26,6,12,26,31,41,-10,1.54,12,4,5,19,20,13,2,7,11,20,1.0,0.3333333333333333,0.1538461538461538,0.8387096774193549,1.1923076923076923,1.5769230769230769,-0.5973585746166069
SSC Napoli,SS Lazio,0.0,1.0,2,26,17,3,57,42,20,22,98.62,12,9,2,18,8,13,8,1,23,11,2.1923076923076925,0.75,0.6153846153846154,1.3571428571428572,1.6153846153846154,0.7692307692307693,1.359304169960632,4,26,14,7,47,47,34,13,71.0,13,7,2,27,19,13,7,5,20,15,1.807692307692308,0.5384615384615384,0.5384615384615384,1.0,1.807692307692308,1.3076923076923077,0.8026187043114422
AC Monza,Udinese Calcio,1.0,2.0,20,25,2,15,14,21,39,-18,-26.4,13,1,8,10,17,12,1,7,11,22,0.56,0.0769230769230769,0.0833333333333333,0.6666666666666666,0.84,1.56,-1.1604936908453674,10,26,10,10,36,33,37,-4,25.08,13,6,5,18,17,13,4,5,15,20,1.3846153846153846,0.4615384615384615,0.3076923076923077,1.0909090909090908,1.2692307692307692,1.4230769230769231,-0.1229061538569427
Empoli FC,Torino FC,0.0,1.0,18,25,4,12,21,22,38,-16,-15.6,12,1,6,5,14,13,3,6,17,24,0.84,0.0833333333333333,0.2307692307692307,0.9545454545454546,0.88,1.52,-0.9428179837848588,11,26,7,9,31,29,32,-3,19.38,13,4,4,12,12,13,3,5,17,20,1.1923076923076923,0.3076923076923077,0.2307692307692307,1.0689655172413792,1.1153846153846154,1.2307692307692308,-0.2377905548055445
Cagliari Calcio,Atalanta BC,0.0,1.0,14,25,6,12,25,26,39,-13,-4.0,13,4,6,15,22,12,2,6,11,17,1.0,0.3076923076923077,0.1666666666666666,0.9615384615384616,1.04,1.56,-0.7090181502754234,3,25,15,4,51,54,26,28,106.4,12,7,2,29,16,13,8,2,25,10,2.04,0.5833333333333334,0.6153846153846154,0.9444444444444444,2.16,1.04,1.516111299676443
Udinese Calcio,SSC Napoli,1.0,3.0,10,26,10,10,36,33,37,-4,25.08,13,6,5,18,17,13,4,5,15,20,1.3846153846153846,0.4615384615384615,0.3076923076923077,1.0909090909090908,1.2692307692307692,1.4230769230769231,-0.1229061538569427,2,26,17,3,57,42,20,22,98.62,12,9,2,18,8,13,8,1,23,11,2.1923076923076925,0.75,0.6153846153846154,1.3571428571428572,1.6153846153846154,0.7692307692307693,1.359304169960632
Juventus FC,Venezia FC,2.0,2.0,5,25,11,1,46,42,21,21,82.4,13,6,0,22,10,12,5,1,20,11,1.84,0.4615384615384615,0.4166666666666667,1.0952380952380951,1.68,0.84,1.0323875062086458,19,26,3,15,17,22,41,-19,-25.69,13,3,6,12,15,13,0,9,10,26,0.6538461538461539,0.2307692307692307,0.0,0.7727272727272727,0.8461538461538461,1.5769230769230769,-1.1461835286219448
US Lecce,AC Monza,2.0,1.0,15,26,6,13,25,18,42,-24,-26.85,13,3,5,9,22,13,3,8,9,20,0.9615384615384616,0.2307692307692307,0.2307692307692307,1.3888888888888888,0.6923076923076923,1.6153846153846154,-1.1695635119728884,20,25,2,15,14,21,39,-18,-26.4,13,1,8,10,17,12,1,7,11,22,0.56,0.0769230769230769,0.0833333333333333,0.6666666666666666,0.84,1.56,-1.1604936908453674
Bologna FC 1909,ACF Fiorentina,1.0,0.0,8,25,10,4,41,38,31,7,50.4,12,6,1,20,11,13,4,3,18,20,1.64,0.5,0.3076923076923077,1.0789473684210529,1.52,1.24,0.3874224482515831,6,25,12,7,42,41,27,14,68.8,13,7,3,22,15,12,5,4,19,12,1.68,0.5384615384615384,0.4166666666666667,1.024390243902439,1.64,1.08,0.7582773565768941
Parma Calcio 1913,Hellas Verona FC,2.0,3.0,16,26,5,13,23,32,45,-13,-7.54,14,4,7,20,23,12,1,6,12,22,0.8846153846153846,0.2857142857142857,0.0833333333333333,0.71875,1.2307692307692308,1.7307692307692308,-0.7803674098119234,17,25,7,16,23,26,54,-28,-32.8,12,3,8,11,30,13,4,8,15,24,0.92,0.25,0.3076923076923077,0.8846153846153846,1.04,2.16,-1.2894867024367798
Como 1907,AS Roma,2.0,0.0,13,26,6,12,26,31,41,-10,1.54,12,4,5,19,20,13,2,7,11,20,1.0,0.3333333333333333,0.1538461538461538,0.8387096774193549,1.1923076923076923,1.5769230769230769,-0.5973585746166069,9,25,10,8,37,36,29,7,48.8,12,7,4,24,12,13,3,4,12,17,1.48,0.5833333333333334,0.2307692307692307,1.0277777777777777,1.44,1.16,0.3551741953537299
AC Milan,Genoa CFC,0.0,0.0,7,25,11,6,41,37,26,11,60.4,13,6,1,20,9,12,5,5,17,17,1.64,0.4615384615384615,0.4166666666666667,1.108108108108108,1.48,1.04,0.5889740288631652,12,26,7,10,30,24,34,-10,5.0,13,3,4,14,16,13,4,6,10,18,1.1538461538461535,0.2307692307692307,0.3076923076923077,1.25,0.9230769230769232,1.3076923076923077,-0.5276217277249995
SS Lazio,FC Internazionale Milano,0.0,6.0,4,26,14,7,47,47,34,13,71.0,13,7,2,27,19,13,7,5,20,15,1.807692307692308,0.5384615384615384,0.5384615384615384,1.0,1.807692307692308,1.3076923076923077,0.8026187043114422,1,26,17,3,57,59,24,35,124.62,13,9,1,29,14,13,8,2,30,10,2.1923076923076925,0.6923076923076923,0.6153846153846154,0.9661016949152542,2.269230769230769,0.9230769230769232,1.8833382795507452
Hellas Verona FC,AC Milan,0.0,1.0,17,25,7,16,23,26,54,-28,-32.8,12,3,8,11,30,13,4,8,15,24,0.92,0.25,0.3076923076923077,0.8846153846153846,1.04,2.16,-1.2894867024367798,7,25,11,6,41,37,26,11,60.4,13,6,1,20,9,12,5,5,17,17,1.64,0.4615384615384615,0.4166666666666667,1.108108108108108,1.48,1.04,0.5889740288631652
Torino FC,Bologna FC 1909,0.0,2.0,11,26,7,9,31,29,32,-3,19.38,13,4,4,12,12,13,3,5,17,20,1.1923076923076923,0.3076923076923077,0.2307692307692307,1.0689655172413792,1.1153846153846154,1.2307692307692308,-0.2377905548055445,8,25,10,4,41,38,31,7,50.4,12,6,1,20,11,13,4,3,18,20,1.64,0.5,0.3076923076923077,1.0789473684210529,1.52,1.24,0.3874224482515831
Genoa CFC,SSC Napoli,1.0,2.0,12,26,7,10,30,24,34,-10,5.0,13,3,4,14,16,13,4,6,10,18,1.1538461538461535,0.2307692307692307,0.3076923076923077,1.25,0.9230769230769232,1.3076923076923077,-0.5276217277249995,2,26,17,3,57,42,20,22,98.62,12,9,2,18,8,13,8,1,23,11,2.1923076923076925,0.75,0.6153846153846154,1.3571428571428572,1.6153846153846154,0.7692307692307693,1.359304169960632
US Lecce,SS Lazio,1.0,2.0,15,26,6,13,25,18,42,-24,-26.85,13,3,5,9,22,13,3,8,9,20,0.9615384615384616,0.2307692307692307,0.2307692307692307,1.3888888888888888,0.6923076923076923,1.6153846153846154,-1.1695635119728884,4,26,14,7,47,47,34,13,71.0,13,7,2,27,19,13,7,5,20,15,1.807692307692308,0.5384615384615384,0.5384615384615384,1.0,1.807692307692308,1.3076923076923077,0.8026187043114422
AS Roma,Parma Calcio 1913,5.0,0.0,9,25,10,8,37,36,29,7,48.8,12,7,4,24,12,13,3,4,12,17,1.48,0.5833333333333334,0.2307692307692307,1.0277777777777777,1.44,1.16,0.3551741953537299,16,26,5,13,23,32,45,-13,-7.54,14,4,7,20,23,12,1,6,12,22,0.8846153846153846,0.2857142857142857,0.0833333333333333,0.71875,1.2307692307692308,1.7307692307692308,-0.7803674098119234
Venezia FC,Cagliari Calcio,2.0,1.0,19,26,3,15,17,22,41,-19,-25.69,13,3,6,12,15,13,0,9,10,26,0.6538461538461539,0.2307692307692307,0.0,0.7727272727272727,0.8461538461538461,1.5769230769230769,-1.1461835286219448,14,25,6,12,25,26,39,-13,-4.0,13,4,6,15,22,12,2,6,11,17,1.0,0.3076923076923077,0.1666666666666666,0.9615384615384616,1.04,1.56,-0.7090181502754234
Atalanta BC,Empoli FC,3.0,2.0,3,25,15,4,51,54,26,28,106.4,12,7,2,29,16,13,8,2,25,10,2.04,0.5833333333333334,0.6153846153846154,0.9444444444444444,2.16,1.04,1.516111299676443,18,25,4,12,21,22,38,-16,-15.6,12,1,6,5,14,13,3,6,17,24,0.84,0.0833333333333333,0.2307692307692307,0.9545454545454546,0.88,1.52,-0.9428179837848588
AC Monza,Juventus FC,1.0,2.0,20,25,2,15,14,21,39,-18,-26.4,13,1,8,10,17,12,1,7,11,22,0.56,0.0769230769230769,0.0833333333333333,0.6666666666666666,0.84,1.56,-1.1604936908453674,5,25,11,1,46,42,21,21,82.4,13,6,0,22,10,12,5,1,20,11,1.84,0.4615384615384615,0.4166666666666667,1.0952380952380951,1.68,0.84,1.0323875062086458
ACF Fiorentina,Udinese Calcio,1.0,2.0,6,25,12,7,42,41,27,14,68.8,13,7,3,22,15,12,5,4,19,12,1.68,0.5384615384615384,0.4166666666666667,1.024390243902439,1.64,1.08,0.7582773565768941,10,26,10,10,36,33,37,-4,25.08,13,6,5,18,17,13,4,5,15,20,1.3846153846153846,0.4615384615384615,0.3076923076923077,1.0909090909090908,1.2692307692307692,1.4230769230769231,-0.1229061538569427
FC Internazionale Milano,Como 1907,2.0,0.0,1,26,17,3,57,59,24,35,124.62,13,9,1,29,14,13,8,2,30,10,2.1923076923076925,0.6923076923076923,0.6153846153846154,0.9661016949152542,2.269230769230769,0.9230769230769232,1.8833382795507452,13,26,6,12,26,31,41,-10,1.54,12,4,5,19,20,13,2,7,11,20,1.0,0.3333333333333333,0.1538461538461538,0.8387096774193549,1.1923076923076923,1.5769230769230769,-0.5973585746166069
Empoli FC,Genoa CFC,1.0,2.0,18,25,4,12,21,22,38,-16,-15.6,12,1,6,5,14,13,3,6,17,24,0.84,0.0833333333333333,0.2307692307692307,0.9545454545454546,0.88,1.52,-0.9428179837848588,12,26,7,10,30,24,34,-10,5.0,13,3,4,14,16,13,4,6,10,18,1.1538461538461535,0.2307692307692307,0.3076923076923077,1.25,0.9230769230769232,1.3076923076923077,-0.5276217277249995
Parma Calcio 1913,AC Monza,2.0,1.0,16,26,5,13,23,32,45,-13,-7.54,14,4,7,20,23,12,1,6,12,22,0.8846153846153846,0.2857142857142857,0.0833333333333333,0.71875,1.2307692307692308,1.7307692307692308,-0.7803674098119234,20,25,2,15,14,21,39,-18,-26.4,13,1,8,10,17,12,1,7,11,22,0.56,0.0769230769230769,0.0833333333333333,0.6666666666666666,0.84,1.56,-1.1604936908453674
Cagliari Calcio,FC Internazionale Milano,0.0,3.0,14,25,6,12,25,26,39,-13,-4.0,13,4,6,15,22,12,2,6,11,17,1.0,0.3076923076923077,0.1666666666666666,0.9615384615384616,1.04,1.56,-0.7090181502754234,1,26,17,3,57,59,24,35,124.62,13,9,1,29,14,13,8,2,30,10,2.1923076923076925,0.6923076923076923,0.6153846153846154,0.9661016949152542,2.269230769230769,0.9230769230769232,1.8833382795507452
SS Lazio,Atalanta BC,1.0,1.0,4,26,14,7,47,47,34,13,71.0,13,7,2,27,19,13,7,5,20,15,1.807692307692308,0.5384615384615384,0.5384615384615384,1.0,1.807692307692308,1.3076923076923077,0.8026187043114422,3,25,15,4,51,54,26,28,106.4,12,7,2,29,16,13,8,2,25,10,2.04,0.5833333333333334,0.6153846153846154,0.9444444444444444,2.16,1.04,1.516111299676443
Udinese Calcio,Torino FC,2.0,2.0,10,26,10,10,36,33,37,-4,25.08,13,6,5,18,17,13,4,5,15,20,1.3846153846153846,0.4615384615384615,0.3076923076923077,1.0909090909090908,1.2692307692307692,1.4230769230769231,-0.1229061538569427,11,26,7,9,31,29,32,-3,19.38,13,4,4,12,12,13,3,5,17,20,1.1923076923076923,0.3076923076923077,0.2307692307692307,1.0689655172413792,1.1153846153846154,1.2307692307692308,-0.2377905548055445
SSC Napoli,Venezia FC,1.0,0.0,2,26,17,3,57,42,20,22,98.62,12,9,2,18,8,13,8,1,23,11,2.1923076923076925,0.75,0.6153846153846154,1.3571428571428572,1.6153846153846154,0.7692307692307693,1.359304169960632,19,26,3,15,17,22,41,-19,-25.69,13,3,6,12,15,13,0,9,10,26,0.6538461538461539,0.2307692307692307,0.0,0.7727272727272727,0.8461538461538461,1.5769230769230769,-1.1461835286219448
Juventus FC,ACF Fiorentina,2.0,2.0,5,25,11,1,46,42,21,21,82.4,13,6,0,22,10,12,5,1,20,11,1.84,0.4615384615384615,0.4166666666666667,1.0952380952380951,1.68,0.84,1.0323875062086458,6,25,12,7,42,41,27,14,68.8,13,7,3,22,15,12,5,4,19,12,1.68,0.5384615384615384,0.4166666666666667,1.024390243902439,1.64,1.08,0.7582773565768941
AC Milan,AS Roma,1.0,1.0,7,25,11,6,41,37,26,11,60.4,13,6,1,20,9,12,5,5,17,17,1.64,0.4615384615384615,0.4166666666666667,1.108108108108108,1.48,1.04,0.5889740288631652,9,25,10,8,37,36,29,7,48.8,12,7,4,24,12,13,3,4,12,17,1.48,0.5833333333333334,0.2307692307692307,1.0277777777777777,1.44,1.16,0.3551741953537299
Como 1907,US Lecce,2.0,0.0,13,26,6,12,26,31,41,-10,1.54,12,4,5,19,20,13,2,7,11,20,1.0,0.3333333333333333,0.1538461538461538,0.8387096774193549,1.1923076923076923,1.5769230769230769,-0.5973585746166069,15,26,6,13,25,18,42,-24,-26.85,13,3,5,9,22,13,3,8,9,20,0.9615384615384616,0.2307692307692307,0.2307692307692307,1.3888888888888888,0.6923076923076923,1.6153846153846154,-1.1695635119728884
Bologna FC 1909,Hellas Verona FC,2.0,3.0,8,25,10,4,41,38,31,7,50.4,12,6,1,20,11,13,4,3,18,20,1.64,0.5,0.3076923076923077,1.0789473684210529,1.52,1.24,0.3874224482515831,17,25,7,16,23,26,54,-28,-32.8,12,3,8,11,30,13,4,8,15,24,0.92,0.25,0.3076923076923077,0.8846153846153846,1.04,2.16,-1.2894867024367798
Venezia FC,Empoli FC,1.0,1.0,19,26,3,15,17,22,41,-19,-25.69,13,3,6,12,15,13,0,9,10,26,0.6538461538461539,0.2307692307692307,0.0,0.7727272727272727,0.8461538461538461,1.5769230769230769,-1.1461835286219448,18,25,4,12,21,22,38,-16,-15.6,12,1,6,5,14,13,3,6,17,24,0.84,0.0833333333333333,0.2307692307692307,0.9545454545454546,0.88,1.52,-0.9428179837848588
ACF Fiorentina,SSC Napoli,0.0,3.0,6,25,12,7,42,41,27,14,68.8,13,7,3,22,15,12,5,4,19,12,1.68,0.5384615384615384,0.4166666666666667,1.024390243902439,1.64,1.08,0.7582773565768941,2,26,17,3,57,42,20,22,98.62,12,9,2,18,8,13,8,1,23,11,2.1923076923076925,0.75,0.6153846153846154,1.3571428571428572,1.6153846153846154,0.7692307692307693,1.359304169960632
Hellas Verona FC,Udinese Calcio,0.0,0.0,17,25,7,16,23,26,54,-28,-32.8,12,3,8,11,30,13,4,8,15,24,0.92,0.25,0.3076923076923077,0.8846153846153846,1.04,2.16,-1.2894867024367798,10,26,10,10,36,33,37,-4,25.08,13,6,5,18,17,13,4,5,15,20,1.3846153846153846,0.4615384615384615,0.3076923076923077,1.0909090909090908,1.2692307692307692,1.4230769230769231,-0.1229061538569427
AC Monza,Cagliari Calcio,1.0,2.0,20,25,2,15,14,21,39,-18,-26.4,13,1,8,10,17,12,1,7,11,22,0.56,0.0769230769230769,0.0833333333333333,0.6666666666666666,0.84,1.56,-1.1604936908453674,14,25,6,12,25,26,39,-13,-4.0,13,4,6,15,22,12,2,6,11,17,1.0,0.3076923076923077,0.1666666666666666,0.9615384615384616,1.04,1.56,-0.7090181502754234
US Lecce,Genoa CFC,0.0,0.0,15,26,6,13,25,18,42,-24,-26.85,13,3,5,9,22,13,3,8,9,20,0.9615384615384616,0.2307692307692307,0.2307692307692307,1.3888888888888888,0.6923076923076923,1.6153846153846154,-1.1695635119728884,12,26,7,10,30,24,34,-10,5.0,13,3,4,14,16,13,4,6,10,18,1.1538461538461535,0.2307692307692307,0.3076923076923077,1.25,0.9230769230769232,1.3076923076923077,-0.5276217277249995
Torino FC,Parma Calcio 1913,0.0,0.0,11,26,7,9,31,29,32,-3,19.38,13,4,4,12,12,13,3,5,17,20,1.1923076923076923,0.3076923076923077,0.2307692307692307,1.0689655172413792,1.1153846153846154,1.2307692307692308,-0.2377905548055445,16,26,5,13,23,32,45,-13,-7.54,14,4,7,20,23,12,1,6,12,22,0.8846153846153846,0.2857142857142857,0.0833333333333333,0.71875,1.2307692307692308,1.7307692307692308,-0.7803674098119234
AS Roma,SS Lazio,2.0,0.0,9,25,10,8,37,36,29,7,48.8,12,7,4,24,12,13,3,4,12,17,1.48,0.5833333333333334,0.2307692307692307,1.0277777777777777,1.44,1.16,0.3551741953537299,4,26,14,7,47,47,34,13,71.0,13,7,2,27,19,13,7,5,20,15,1.807692307692308,0.5384615384615384,0.5384615384615384,1.0,1.807692307692308,1.3076923076923077,0.8026187043114422
SS Lazio,Como 1907,1.0,1.0,4,26,14,7,47,47,34,13,71.0,13,7,2,27,19,13,7,5,20,15,1.807692307692308,0.5384615384615384,0.5384615384615384,1.0,1.807692307692308,1.3076923076923077,0.8026187043114422,13,26,6,12,26,31,41,-10,1.54,12,4,5,19,20,13,2,7,11,20,1.0,0.3333333333333333,0.1538461538461538,0.8387096774193549,1.1923076923076923,1.5769230769230769,-0.5973585746166069
Empoli FC,US Lecce,1.0,3.0,18,25,4,12,21,22,38,-16,-15.6,12,1,6,5,14,13,3,6,17,24,0.84,0.0833333333333333,0.2307692307692307,0.9545454545454546,0.88,1.52,-0.9428179837848588,15,26,6,13,25,18,42,-24,-26.85,13,3,5,9,22,13,3,8,9,20,0.9615384615384616,0.2307692307692307,0.2307692307692307,1.3888888888888888,0.6923076923076923,1.6153846153846154,-1.1695635119728884
Udinese Calcio,Atalanta BC,0.0,0.0,10,26,10,10,36,33,37,-4,25.08,13,6,5,18,17,13,4,5,15,20,1.3846153846153846,0.4615384615384615,0.3076923076923077,1.0909090909090908,1.2692307692307692,1.4230769230769231,-0.1229061538569427,3,25,15,4,51,54,26,28,106.4,12,7,2,29,16,13,8,2,25,10,2.04,0.5833333333333334,0.6153846153846154,0.9444444444444444,2.16,1.04,1.516111299676443
Torino FC,Juventus FC,1.0,1.0,11,26,7,9,31,29,32,-3,19.38,13,4,4,12,12,13,3,5,17,20,1.1923076923076923,0.3076923076923077,0.2307692307692307,1.0689655172413792,1.1153846153846154,1.2307692307692308,-0.2377905548055445,5,25,11,1,46,42,21,21,82.4,13,6,0,22,10,12,5,1,20,11,1.84,0.4615384615384615,0.4166666666666667,1.0952380952380951,1.68,0.84,1.0323875062086458
AC Milan,Cagliari Calcio,1.0,1.0,7,25,11,6,41,37,26,11,60.4,13,6,1,20,9,12,5,5,17,17,1.64,0.4615384615384615,0.4166666666666667,1.108108108108108,1.48,1.04,0.5889740288631652,14,25,6,12,25,26,39,-13,-4.0,13,4,6,15,22,12,2,6,11,17,1.0,0.3076923076923077,0.1666666666666666,0.9615384615384616,1.04,1.56,-0.7090181502754234
Genoa CFC,Parma Calcio 1913,1.0,0.0,12,26,7,10,30,24,34,-10,5.0,13,3,4,14,16,13,4,6,10,18,1.1538461538461535,0.2307692307692307,0.3076923076923077,1.25,0.9230769230769232,1.3076923076923077,-0.5276217277249995,16,26,5,13,23,32,45,-13,-7.54,14,4,7,20,23,12,1,6,12,22,0.8846153846153846,0.2857142857142857,0.0833333333333333,0.71875,1.2307692307692308,1.7307692307692308,-0.7803674098119234
Venezia FC,FC Internazionale Milano,0.0,1.0,19,26,3,15,17,22,41,-19,-25.69,13,3,6,12,15,13,0,9,10,26,0.6538461538461539,0.2307692307692307,0.0,0.7727272727272727,0.8461538461538461,1.5769230769230769,-1.1461835286219448,1,26,17,3,57,59,24,35,124.62,13,9,1,29,14,13,8,2,30,10,2.1923076923076925,0.6923076923076923,0.6153846153846154,0.9661016949152542,2.269230769230769,0.9230769230769232,1.8833382795507452
Bologna FC 1909,AS Roma,2.0,2.0,8,25,10,4,41,38,31,7,50.4,12,6,1,20,11,13,4,3,18,20,1.64,0.5,0.3076923076923077,1.0789473684210529,1.52,1.24,0.3874224482515831,9,25,10,8,37,36,29,7,48.8,12,7,4,24,12,13,3,4,12,17,1.48,0.5833333333333334,0.2307692307692307,1.0277777777777777,1.44,1.16,0.3551741953537299
SSC Napoli,Hellas Verona FC,2.0,0.0,2,26,17,3,57,42,20,22,98.62,12,9,2,18,8,13,8,1,23,11,2.1923076923076925,0.75,0.6153846153846154,1.3571428571428572,1.6153846153846154,0.7692307692307693,1.359304169960632,17,25,7,16,23,26,54,-28,-32.8,12,3,8,11,30,13,4,8,15,24,0.92,0.25,0.3076923076923077,0.8846153846153846,1.04,2.16,-1.2894867024367798
AC Monza,ACF Fiorentina,2.0,1.0,20,25,2,15,14,21,39,-18,-26.4,13,1,8,10,17,12,1,7,11,22,0.56,0.0769230769230769,0.0833333333333333,0.6666666666666666,0.84,1.56,-1.1604936908453674,6,25,12,7,42,41,27,14,68.8,13,7,3,22,15,12,5,4,19,12,1.68,0.5384615384615384,0.4166666666666667,1.024390243902439,1.64,1.08,0.7582773565768941
Como 1907,AC Milan,1.0,2.0,13,26,6,12,26,31,41,-10,1.54,12,4,5,19,20,13,2,7,11,20,1.0,0.3333333333333333,0.1538461538461538,0.8387096774193549,1.1923076923076923,1.5769230769230769,-0.5973585746166069,7,25,11,6,41,37,26,11,60.4,13,6,1,20,9,12,5,5,17,17,1.64,0.4615384615384615,0.4166666666666667,1.108108108108108,1.48,1.04,0.5889740288631652
Atalanta BC,Juventus FC,1.0,1.0,3,25,15,4,51,54,26,28,106.4,12,7,2,29,16,13,8,2,25,10,2.04,0.5833333333333334,0.6153846153846154,0.9444444444444444,2.16,1.04,1.516111299676443,5,25,11,1,46,42,21,21,82.4,13,6,0,22,10,12,5,1,20,11,1.84,0.4615384615384615,0.4166666666666667,1.0952380952380951,1.68,0.84,1.0323875062086458
FC Internazionale Milano,Bologna FC 1909,2.0,2.0,1,26,17,3,57,59,24,35,124.62,13,9,1,29,14,13,8,2,30,10,2.1923076923076925,0.6923076923076923,0.6153846153846154,0.9661016949152542,2.269230769230769,0.9230769230769232,1.8833382795507452,8,25,10,4,41,38,31,7,50.4,12,6,1,20,11,13,4,3,18,20,1.64,0.5,0.3076923076923077,1.0789473684210529,1.52,1.24,0.3874224482515831
AS Roma,Genoa CFC,3.0,1.0,9,25,10,8,37,36,29,7,48.8,12,7,4,24,12,13,3,4,12,17,1.48,0.5833333333333334,0.2307692307692307,1.0277777777777777,1.44,1.16,0.3551741953537299,12,26,7,10,30,24,34,-10,5.0,13,3,4,14,16,13,4,6,10,18,1.1538461538461535,0.2307692307692307,0.3076923076923077,1.25,0.9230769230769232,1.3076923076923077,-0.5276217277249995
Bologna FC 1909,AC Monza,3.0,1.0,8,25,10,4,41,38,31,7,50.4,12,6,1,20,11,13,4,3,18,20,1.64,0.5,0.3076923076923077,1.0789473684210529,1.52,1.24,0.3874224482515831,20,25,2,15,14,21,39,-18,-26.4,13,1,8,10,17,12,1,7,11,22,0.56,0.0769230769230769,0.0833333333333333,0.6666666666666666,0.84,1.56,-1.1604936908453674
Juventus FC,AC Milan,2.0,0.0,5,25,11,1,46,42,21,21,82.4,13,6,0,22,10,12,5,1,20,11,1.84,0.4615384615384615,0.4166666666666667,1.0952380952380951,1.68,0.84,1.0323875062086458,7,25,11,6,41,37,26,11,60.4,13,6,1,20,9,12,5,5,17,17,1.64,0.4615384615384615,0.4166666666666667,1.108108108108108,1.48,1.04,0.5889740288631652
Atalanta BC,SSC Napoli,2.0,3.0,3,25,15,4,51,54,26,28,106.4,12,7,2,29,16,13,8,2,25,10,2.04,0.5833333333333334,0.6153846153846154,0.9444444444444444,2.16,1.04,1.516111299676443,2,26,17,3,57,42,20,22,98.62,12,9,2,18,8,13,8,1,23,11,2.1923076923076925,0.75,0.6153846153846154,1.3571428571428572,1.6153846153846154,0.7692307692307693,1.359304169960632
ACF Fiorentina,Torino FC,1.0,1.0,6,25,12,7,42,41,27,14,68.8,13,7,3,22,15,12,5,4,19,12,1.68,0.5384615384615384,0.4166666666666667,1.024390243902439,1.64,1.08,0.7582773565768941,11,26,7,9,31,29,32,-3,19.38,13,4,4,12,12,13,3,5,17,20,1.1923076923076923,0.3076923076923077,0.2307692307692307,1.0689655172413792,1.1153846153846154,1.2307692307692308,-0.2377905548055445
Cagliari Calcio,US Lecce,4.0,1.0,14,25,6,12,25,26,39,-13,-4.0,13,4,6,15,22,12,2,6,11,17,1.0,0.3076923076923077,0.1666666666666666,0.9615384615384616,1.04,1.56,-0.7090181502754234,15,26,6,13,25,18,42,-24,-26.85,13,3,5,9,22,13,3,8,9,20,0.9615384615384616,0.2307692307692307,0.2307692307692307,1.3888888888888888,0.6923076923076923,1.6153846153846154,-1.1695635119728884
Parma Calcio 1913,Venezia FC,1.0,1.0,16,26,5,13,23,32,45,-13,-7.54,14,4,7,20,23,12,1,6,12,22,0.8846153846153846,0.2857142857142857,0.0833333333333333,0.71875,1.2307692307692308,1.7307692307692308,-0.7803674098119234,19,26,3,15,17,22,41,-19,-25.69,13,3,6,12,15,13,0,9,10,26,0.6538461538461539,0.2307692307692307,0.0,0.7727272727272727,0.8461538461538461,1.5769230769230769,-1.1461835286219448
Hellas Verona FC,SS Lazio,0.0,3.0,17,25,7,16,23,26,54,-28,-32.8,12,3,8,11,30,13,4,8,15,24,0.92,0.25,0.3076923076923077,0.8846153846153846,1.04,2.16,-1.2894867024367798,4,26,14,7,47,47,34,13,71.0,13,7,2,27,19,13,7,5,20,15,1.807692307692308,0.5384615384615384,0.5384615384615384,1.0,1.807692307692308,1.3076923076923077,0.8026187043114422
FC Internazionale Milano,Empoli FC,3.0,1.0,1,26,17,3,57,59,24,35,124.62,13,9,1,29,14,13,8,2,30,10,2.1923076923076925,0.6923076923076923,0.6153846153846154,0.9661016949152542,2.269230769230769,0.9230769230769232,1.8833382795507452,18,25,4,12,21,22,38,-16,-15.6,12,1,6,5,14,13,3,6,17,24,0.84,0.0833333333333333,0.2307692307692307,0.9545454545454546,0.88,1.52,-0.9428179837848588
Como 1907,Udinese Calcio,4.0,1.0,13,26,6,12,26,31,41,-10,1.54,12,4,5,19,20,13,2,7,11,20,1.0,0.3333333333333333,0.1538461538461538,0.8387096774193549,1.1923076923076923,1.5769230769230769,-0.5973585746166069,10,26,10,10,36,33,37,-4,25.08,13,6,5,18,17,13,4,5,15,20,1.3846153846153846,0.4615384615384615,0.3076923076923077,1.0909090909090908,1.2692307692307692,1.4230769230769231,-0.1229061538569427
Torino FC,Cagliari Calcio,2.0,0.0,11,26,7,9,31,29,32,-3,19.38,13,4,4,12,12,13,3,5,17,20,1.1923076923076923,0.3076923076923077,0.2307692307692307,1.0689655172413792,1.1153846153846154,1.2307692307692308,-0.2377905548055445,14,25,6,12,25,26,39,-13,-4.0,13,4,6,15,22,12,2,6,11,17,1.0,0.3076923076923077,0.1666666666666666,0.9615384615384616,1.04,1.56,-0.7090181502754234
Como 1907,Atalanta BC,1.0,2.0,13,26,6,12,26,31,41,-10,1.54,12,4,5,19,20,13,2,7,11,20,1.0,0.3333333333333333,0.1538461538461538,0.8387096774193549,1.1923076923076923,1.5769230769230769,-0.5973585746166069,3,25,15,4,51,54,26,28,106.4,12,7,2,29,16,13,8,2,25,10,2.04,0.5833333333333334,0.6153846153846154,0.9444444444444444,2.16,1.04,1.516111299676443
SSC Napoli,Juventus FC,2.0,1.0,2,26,17,3,57,42,20,22,98.62,12,9,2,18,8,13,8,1,23,11,2.1923076923076925,0.75,0.6153846153846154,1.3571428571428572,1.6153846153846154,0.7692307692307693,1.359304169960632,5,25,11,1,46,42,21,21,82.4,13,6,0,22,10,12,5,1,20,11,1.84,0.4615384615384615,0.4166666666666667,1.0952380952380951,1.68,0.84,1.0323875062086458
Empoli FC,Bologna FC 1909,1.0,1.0,18,25,4,12,21,22,38,-16,-15.6,12,1,6,5,14,13,3,6,17,24,0.84,0.0833333333333333,0.2307692307692307,0.9545454545454546,0.88,1.52,-0.9428179837848588,8,25,10,4,41,38,31,7,50.4,12,6,1,20,11,13,4,3,18,20,1.64,0.5,0.3076923076923077,1.0789473684210529,1.52,1.24,0.3874224482515831
AC Milan,Parma Calcio 1913,3.0,2.0,7,25,11,6,41,37,26,11,60.4,13,6,1,20,9,12,5,5,17,17,1.64,0.4615384615384615,0.4166666666666667,1.108108108108108,1.48,1.04,0.5889740288631652,16,26,5,13,23,32,45,-13,-7.54,14,4,7,20,23,12,1,6,12,22,0.8846153846153846,0.2857142857142857,0.0833333333333333,0.71875,1.2307692307692308,1.7307692307692308,-0.7803674098119234
Udinese Calcio,AS Roma,1.0,2.0,10,26,10,10,36,33,37,-4,25.08,13,6,5,18,17,13,4,5,15,20,1.3846153846153846,0.4615384615384615,0.3076923076923077,1.0909090909090908,1.2692307692307692,1.4230769230769231,-0.1229061538569427,9,25,10,8,37,36,29,7,48.8,12,7,4,24,12,13,3,4,12,17,1.48,0.5833333333333334,0.2307692307692307,1.0277777777777777,1.44,1.16,0.3551741953537299
US Lecce,FC Internazionale Milano,0.0,4.0,15,26,6,13,25,18,42,-24,-26.85,13,3,5,9,22,13,3,8,9,20,0.9615384615384616,0.2307692307692307,0.2307692307692307,1.3888888888888888,0.6923076923076923,1.6153846153846154,-1.1695635119728884,1,26,17,3,57,59,24,35,124.62,13,9,1,29,14,13,8,2,30,10,2.1923076923076925,0.6923076923076923,0.6153846153846154,0.9661016949152542,2.269230769230769,0.9230769230769232,1.8833382795507452
SS Lazio,ACF Fiorentina,1.0,2.0,4,26,14,7,47,47,34,13,71.0,13,7,2,27,19,13,7,5,20,15,1.807692307692308,0.5384615384615384,0.5384615384615384,1.0,1.807692307692308,1.3076923076923077,0.8026187043114422,6,25,12,7,42,41,27,14,68.8,13,7,3,22,15,12,5,4,19,12,1.68,0.5384615384615384,0.4166666666666667,1.024390243902439,1.64,1.08,0.7582773565768941
Venezia FC,Hellas Verona FC,1.0,1.0,19,26,3,15,17,22,41,-19,-25.69,13,3,6,12,15,13,0,9,10,26,0.6538461538461539,0.2307692307692307,0.0,0.7727272727272727,0.8461538461538461,1.5769230769230769,-1.1461835286219448,17,25,7,16,23,26,54,-28,-32.8,12,3,8,11,30,13,4,8,15,24,0.92,0.25,0.3076923076923077,0.8846153846153846,1.04,2.16,-1.2894867024367798
Genoa CFC,AC Monza,2.0,0.0,12,26,7,10,30,24,34,-10,5.0,13,3,4,14,16,13,4,6,10,18,1.1538461538461535,0.2307692307692307,0.3076923076923077,1.25,0.9230769230769232,1.3076923076923077,-0.5276217277249995,20,25,2,15,14,21,39,-18,-26.4,13,1,8,10,17,12,1,7,11,22,0.56,0.0769230769230769,0.0833333333333333,0.6666666666666666,0.84,1.56,-1.1604936908453674
Parma Calcio 1913,US Lecce,1.0,3.0,16,26,5,13,23,32,45,-13,-7.54,14,4,7,20,23,12,1,6,12,22,0.8846153846153846,0.2857142857142857,0.0833333333333333,0.71875,1.2307692307692308,1.7307692307692308,-0.7803674098119234,15,26,6,13,25,18,42,-24,-26.85,13,3,5,9,22,13,3,8,9,20,0.9615384615384616,0.2307692307692307,0.2307692307692307,1.3888888888888888,0.6923076923076923,1.6153846153846154,-1.1695635119728884
AC Monza,Hellas Verona FC,0.0,1.0,20,25,2,15,14,21,39,-18,-26.4,13,1,8,10,17,12,1,7,11,22,0.56,0.0769230769230769,0.0833333333333333,0.6666666666666666,0.84,1.56,-1.1604936908453674,17,25,7,16,23,26,54,-28,-32.8,12,3,8,11,30,13,4,8,15,24,0.92,0.25,0.3076923076923077,0.8846153846153846,1.04,2.16,-1.2894867024367798
Udinese Calcio,Venezia FC,3.0,2.0,10,26,10,10,36,33,37,-4,25.08,13,6,5,18,17,13,4,5,15,20,1.3846153846153846,0.4615384615384615,0.3076923076923077,1.0909090909090908,1.2692307692307692,1.4230769230769231,-0.1229061538569427,19,26,3,15,17,22,41,-19,-25.69,13,3,6,12,15,13,0,9,10,26,0.6538461538461539,0.2307692307692307,0.0,0.7727272727272727,0.8461538461538461,1.5769230769230769,-1.1461835286219448
Atalanta BC,Torino FC,1.0,1.0,3,25,15,4,51,54,26,28,106.4,12,7,2,29,16,13,8,2,25,10,2.04,0.5833333333333334,0.6153846153846154,0.9444444444444444,2.16,1.04,1.516111299676443,11,26,7,9,31,29,32,-3,19.38,13,4,4,12,12,13,3,5,17,20,1.1923076923076923,0.3076923076923077,0.2307692307692307,1.0689655172413792,1.1153846153846154,1.2307692307692308,-0.2377905548055445
Bologna FC 1909,Como 1907,2.0,0.0,8,25,10,4,41,38,31,7,50.4,12,6,1,20,11,13,4,3,18,20,1.64,0.5,0.3076923076923077,1.0789473684210529,1.52,1.24,0.3874224482515831,13,26,6,12,26,31,41,-10,1.54,12,4,5,19,20,13,2,7,11,20,1.0,0.3333333333333333,0.1538461538461538,0.8387096774193549,1.1923076923076923,1.5769230769230769,-0.5973585746166069
Juventus FC,Empoli FC,4.0,1.0,5,25,11,1,46,42,21,21,82.4,13,6,0,22,10,12,5,1,20,11,1.84,0.4615384615384615,0.4166666666666667,1.0952380952380951,1.68,0.84,1.0323875062086458,18,25,4,12,21,22,38,-16,-15.6,12,1,6,5,14,13,3,6,17,24,0.84,0.0833333333333333,0.2307692307692307,0.9545454545454546,0.88,1.52,-0.9428179837848588
ACF Fiorentina,Genoa CFC,2.0,1.0,6,25,12,7,42,41,27,14,68.8,13,7,3,22,15,12,5,4,19,12,1.68,0.5384615384615384,0.4166666666666667,1.024390243902439,1.64,1.08,0.7582773565768941,12,26,7,10,30,24,34,-10,5.0,13,3,4,14,16,13,4,6,10,18,1.1538461538461535,0.2307692307692307,0.3076923076923077,1.25,0.9230769230769232,1.3076923076923077,-0.5276217277249995
AC Milan,FC Internazionale Milano,1.0,1.0,7,25,11,6,41,37,26,11,60.4,13,6,1,20,9,12,5,5,17,17,1.64,0.4615384615384615,0.4166666666666667,1.108108108108108,1.48,1.04,0.5889740288631652,1,26,17,3,57,59,24,35,124.62,13,9,1,29,14,13,8,2,30,10,2.1923076923076925,0.6923076923076923,0.6153846153846154,0.9661016949152542,2.269230769230769,0.9230769230769232,1.8833382795507452
AS Roma,SSC Napoli,1.0,1.0,9,25,10,8,37,36,29,7,48.8,12,7,4,24,12,13,3,4,12,17,1.48,0.5833333333333334,0.2307692307692307,1.0277777777777777,1.44,1.16,0.3551741953537299,2,26,17,3,57,42,20,22,98.62,12,9,2,18,8,13,8,1,23,11,2.1923076923076925,0.75,0.6153846153846154,1.3571428571428572,1.6153846153846154,0.7692307692307693,1.359304169960632
Cagliari Calcio,SS Lazio,1.0,2.0,14,25,6,12,25,26,39,-13,-4.0,13,4,6,15,22,12,2,6,11,17,1.0,0.3076923076923077,0.1666666666666666,0.9615384615384616,1.04,1.56,-0.7090181502754234,4,26,14,7,47,47,34,13,71.0,13,7,2,27,19,13,7,5,20,15,1.807692307692308,0.5384615384615384,0.5384615384615384,1.0,1.807692307692308,1.3076923076923077,0.8026187043114422
ACF Fiorentina,FC Internazionale Milano,3.0,0.0,6,25,12,7,42,41,27,14,68.8,13,7,3,22,15,12,5,4,19,12,1.68,0.5384615384615384,0.4166666666666667,1.024390243902439,1.64,1.08,0.7582773565768941,1,26,17,3,57,59,24,35,124.62,13,9,1,29,14,13,8,2,30,10,2.1923076923076925,0.6923076923076923,0.6153846153846154,0.9661016949152542,2.269230769230769,0.9230769230769232,1.8833382795507452
Como 1907,Juventus FC,1.0,2.0,13,26,6,12,26,31,41,-10,1.54,12,4,5,19,20,13,2,7,11,20,1.0,0.3333333333333333,0.1538461538461538,0.8387096774193549,1.1923076923076923,1.5769230769230769,-0.5973585746166069,5,25,11,1,46,42,21,21,82.4,13,6,0,22,10,12,5,1,20,11,1.84,0.4615384615384615,0.4166666666666667,1.0952380952380951,1.68,0.84,1.0323875062086458
Hellas Verona FC,Atalanta BC,0.0,5.0,17,25,7,16,23,26,54,-28,-32.8,12,3,8,11,30,13,4,8,15,24,0.92,0.25,0.3076923076923077,0.8846153846153846,1.04,2.16,-1.2894867024367798,3,25,15,4,51,54,26,28,106.4,12,7,2,29,16,13,8,2,25,10,2.04,0.5833333333333334,0.6153846153846154,0.9444444444444444,2.16,1.04,1.516111299676443
Empoli FC,AC Milan,0.0,2.0,18,25,4,12,21,22,38,-16,-15.6,12,1,6,5,14,13,3,6,17,24,0.84,0.0833333333333333,0.2307692307692307,0.9545454545454546,0.88,1.52,-0.9428179837848588,7,25,11,6,41,37,26,11,60.4,13,6,1,20,9,12,5,5,17,17,1.64,0.4615384615384615,0.4166666666666667,1.108108108108108,1.48,1.04,0.5889740288631652
Torino FC,Genoa CFC,1.0,1.0,11,26,7,9,31,29,32,-3,19.38,13,4,4,12,12,13,3,5,17,20,1.1923076923076923,0.3076923076923077,0.2307692307692307,1.0689655172413792,1.1153846153846154,1.2307692307692308,-0.2377905548055445,12,26,7,10,30,24,34,-10,5.0,13,3,4,14,16,13,4,6,10,18,1.1538461538461535,0.2307692307692307,0.3076923076923077,1.25,0.9230769230769232,1.3076923076923077,-0.5276217277249995
Venezia FC,AS Roma,0.0,1.0,19,26,3,15,17,22,41,-19,-25.69,13,3,6,12,15,13,0,9,10,26,0.6538461538461539,0.2307692307692307,0.0,0.7727272727272727,0.8461538461538461,1.5769230769230769,-1.1461835286219448,9,25,10,8,37,36,29,7,48.8,12,7,4,24,12,13,3,4,12,17,1.48,0.5833333333333334,0.2307692307692307,1.0277777777777777,1.44,1.16,0.3551741953537299
Cagliari Calcio,Parma Calcio 1913,2.0,1.0,14,25,6,12,25,26,39,-13,-4.0,13,4,6,15,22,12,2,6,11,17,1.0,0.3076923076923077,0.1666666666666666,0.9615384615384616,1.04,1.56,-0.7090181502754234,16,26,5,13,23,32,45,-13,-7.54,14,4,7,20,23,12,1,6,12,22,0.8846153846153846,0.2857142857142857,0.0833333333333333,0.71875,1.2307692307692308,1.7307692307692308,-0.7803674098119234
SS Lazio,AC Monza,5.0,1.0,4,26,14,7,47,47,34,13,71.0,13,7,2,27,19,13,7,5,20,15,1.807692307692308,0.5384615384615384,0.5384615384615384,1.0,1.807692307692308,1.3076923076923077,0.8026187043114422,20,25,2,15,14,21,39,-18,-26.4,13,1,8,10,17,12,1,7,11,22,0.56,0.0769230769230769,0.0833333333333333,0.6666666666666666,0.84,1.56,-1.1604936908453674
US Lecce,Bologna FC 1909,0.0,0.0,15,26,6,13,25,18,42,-24,-26.85,13,3,5,9,22,13,3,8,9,20,0.9615384615384616,0.2307692307692307,0.2307692307692307,1.3888888888888888,0.6923076923076923,1.6153846153846154,-1.1695635119728884,8,25,10,4,41,38,31,7,50.4,12,6,1,20,11,13,4,3,18,20,1.64,0.5,0.3076923076923077,1.0789473684210529,1.52,1.24,0.3874224482515831
SSC Napoli,Udinese Calcio,1.0,1.0,2,26,17,3,57,42,20,22,98.62,12,9,2,18,8,13,8,1,23,11,2.1923076923076925,0.75,0.6153846153846154,1.3571428571428572,1.6153846153846154,0.7692307692307693,1.359304169960632,10,26,10,10,36,33,37,-4,25.08,13,6,5,18,17,13,4,5,15,20,1.3846153846153846,0.4615384615384615,0.3076923076923077,1.0909090909090908,1.2692307692307692,1.4230769230769231,-0.1229061538569427
FC Internazionale Milano,ACF Fiorentina,2.0,1.0,1,26,17,3,57,59,24,35,124.62,13,9,1,29,14,13,8,2,30,10,2.1923076923076925,0.6923076923076923,0.6153846153846154,0.9661016949152542,2.269230769230769,0.9230769230769232,1.8833382795507452,6,25,12,7,42,41,27,14,68.8,13,7,3,22,15,12,5,4,19,12,1.68,0.5384615384615384,0.4166666666666667,1.024390243902439,1.64,1.08,0.7582773565768941
Bologna FC 1909,Torino FC,3.0,2.0,8,25,10,4,41,38,31,7,50.4,12,6,1,20,11,13,4,3,18,20,1.64,0.5,0.3076923076923077,1.0789473684210529,1.52,1.24,0.3874224482515831,11,26,7,9,31,29,32,-3,19.38,13,4,4,12,12,13,3,5,17,20,1.1923076923076923,0.3076923076923077,0.2307692307692307,1.0689655172413792,1.1153846153846154,1.2307692307692308,-0.2377905548055445
Atalanta BC,Cagliari Calcio,0.0,0.0,3,25,15,4,51,54,26,28,106.4,12,7,2,29,16,13,8,2,25,10,2.04,0.5833333333333334,0.6153846153846154,0.9444444444444444,2.16,1.04,1.516111299676443,14,25,6,12,25,26,39,-13,-4.0,13,4,6,15,22,12,2,6,11,17,1.0,0.3076923076923077,0.1666666666666666,0.9615384615384616,1.04,1.56,-0.7090181502754234
SS Lazio,SSC Napoli,2.0,2.0,4,26,14,7,47,47,34,13,71.0,13,7,2,27,19,13,7,5,20,15,1.807692307692308,0.5384615384615384,0.5384615384615384,1.0,1.807692307692308,1.3076923076923077,0.8026187043114422,2,26,17,3,57,42,20,22,98.62,12,9,2,18,8,13,8,1,23,11,2.1923076923076925,0.75,0.6153846153846154,1.3571428571428572,1.6153846153846154,0.7692307692307693,1.359304169960632
AC Milan,Hellas Verona FC,1.0,0.0,7,25,11,6,41,37,26,11,60.4,13,6,1,20,9,12,5,5,17,17,1.64,0.4615384615384615,0.4166666666666667,1.108108108108108,1.48,1.04,0.5889740288631652,17,25,7,16,23,26,54,-28,-32.8,12,3,8,11,30,13,4,8,15,24,0.92,0.25,0.3076923076923077,0.8846153846153846,1.04,2.16,-1.2894867024367798
ACF Fiorentina,Como 1907,0.0,2.0,6,25,12,7,42,41,27,14,68.8,13,7,3,22,15,12,5,4,19,12,1.68,0.5384615384615384,0.4166666666666667,1.024390243902439,1.64,1.08,0.7582773565768941,13,26,6,12,26,31,41,-10,1.54,12,4,5,19,20,13,2,7,11,20,1.0,0.3333333333333333,0.1538461538461538,0.8387096774193549,1.1923076923076923,1.5769230769230769,-0.5973585746166069
AC Monza,US Lecce,0.0,0.0,20,25,2,15,14,21,39,-18,-26.4,13,1,8,10,17,12,1,7,11,22,0.56,0.0769230769230769,0.0833333333333333,0.6666666666666666,0.84,1.56,-1.1604936908453674,15,26,6,13,25,18,42,-24,-26.85,13,3,5,9,22,13,3,8,9,20,0.9615384615384616,0.2307692307692307,0.2307692307692307,1.3888888888888888,0.6923076923076923,1.6153846153846154,-1.1695635119728884
Udinese Calcio,Empoli FC,3.0,0.0,10,26,10,10,36,33,37,-4,25.08,13,6,5,18,17,13,4,5,15,20,1.3846153846153846,0.4615384615384615,0.3076923076923077,1.0909090909090908,1.2692307692307692,1.4230769230769231,-0.1229061538569427,18,25,4,12,21,22,38,-16,-15.6,12,1,6,5,14,13,3,6,17,24,0.84,0.0833333333333333,0.2307692307692307,0.9545454545454546,0.88,1.52,-0.9428179837848588
Parma Calcio 1913,AS Roma,0.0,1.0,16,26,5,13,23,32,45,-13,-7.54,14,4,7,20,23,12,1,6,12,22,0.8846153846153846,0.2857142857142857,0.0833333333333333,0.71875,1.2307692307692308,1.7307692307692308,-0.7803674098119234,9,25,10,8,37,36,29,7,48.8,12,7,4,24,12,13,3,4,12,17,1.48,0.5833333333333334,0.2307692307692307,1.0277777777777777,1.44,1.16,0.3551741953537299
Juventus FC,FC Internazionale Milano,1.0,0.0,5,25,11,1,46,42,21,21,82.4,13,6,0,22,10,12,5,1,20,11,1.84,0.4615384615384615,0.4166666666666667,1.0952380952380951,1.68,0.84,1.0323875062086458,1,26,17,3,57,59,24,35,124.62,13,9,1,29,14,13,8,2,30,10,2.1923076923076925,0.6923076923076923,0.6153846153846154,0.9661016949152542,2.269230769230769,0.9230769230769232,1.8833382795507452
Genoa CFC,Venezia FC,2.0,0.0,12,26,7,10,30,24,34,-10,5.0,13,3,4,14,16,13,4,6,10,18,1.1538461538461535,0.2307692307692307,0.3076923076923077,1.25,0.9230769230769232,1.3076923076923077,-0.5276217277249995,19,26,3,15,17,22,41,-19,-25.69,13,3,6,12,15,13,0,9,10,26,0.6538461538461539,0.2307692307692307,0.0,0.7727272727272727,0.8461538461538461,1.5769230769230769,-1.1461835286219448
US Lecce,Udinese Calcio,0.0,1.0,15,26,6,13,25,18,42,-24,-26.85,13,3,5,9,22,13,3,8,9,20,0.9615384615384616,0.2307692307692307,0.2307692307692307,1.3888888888888888,0.6923076923076923,1.6153846153846154,-1.1695635119728884,10,26,10,10,36,33,37,-4,25.08,13,6,5,18,17,13,4,5,15,20,1.3846153846153846,0.4615384615384615,0.3076923076923077,1.0909090909090908,1.2692307692307692,1.4230769230769231,-0.1229061538569427
Parma Calcio 1913,Bologna FC 1909,2.0,0.0,16,26,5,13,23,32,45,-13,-7.54,14,4,7,20,23,12,1,6,12,22,0.8846153846153846,0.2857142857142857,0.0833333333333333,0.71875,1.2307692307692308,1.7307692307692308,-0.7803674098119234,8,25,10,4,41,38,31,7,50.4,12,6,1,20,11,13,4,3,18,20,1.64,0.5,0.3076923076923077,1.0789473684210529,1.52,1.24,0.3874224482515831
Venezia FC,SS Lazio,0.0,0.0,19,26,3,15,17,22,41,-19,-25.69,13,3,6,12,15,13,0,9,10,26,0.6538461538461539,0.2307692307692307,0.0,0.7727272727272727,0.8461538461538461,1.5769230769230769,-1.1461835286219448,4,26,14,7,47,47,34,13,71.0,13,7,2,27,19,13,7,5,20,15,1.807692307692308,0.5384615384615384,0.5384615384615384,1.0,1.807692307692308,1.3076923076923077,0.8026187043114422
Torino FC,AC Milan,2.0,1.0,11,26,7,9,31,29,32,-3,19.38,13,4,4,12,12,13,3,5,17,20,1.1923076923076923,0.3076923076923077,0.2307692307692307,1.0689655172413792,1.1153846153846154,1.2307692307692308,-0.2377905548055445,7,25,11,6,41,37,26,11,60.4,13,6,1,20,9,12,5,5,17,17,1.64,0.4615384615384615,0.4166666666666667,1.108108108108108,1.48,1.04,0.5889740288631652
FC Internazionale Milano,Genoa CFC,1.0,0.0,1,26,17,3,57,59,24,35,124.62,13,9,1,29,14,13,8,2,30,10,2.1923076923076925,0.6923076923076923,0.6153846153846154,0.9661016949152542,2.269230769230769,0.9230769230769232,1.8833382795507452,12,26,7,10,30,24,34,-10,5.0,13,3,4,14,16,13,4,6,10,18,1.1538461538461535,0.2307692307692307,0.3076923076923077,1.25,0.9230769230769232,1.3076923076923077,-0.5276217277249995
Como 1907,SSC Napoli,2.0,1.0,13,26,6,12,26,31,41,-10,1.54,12,4,5,19,20,13,2,7,11,20,1.0,0.3333333333333333,0.1538461538461538,0.8387096774193549,1.1923076923076923,1.5769230769230769,-0.5973585746166069,2,26,17,3,57,42,20,22,98.62,12,9,2,18,8,13,8,1,23,11,2.1923076923076925,0.75,0.6153846153846154,1.3571428571428572,1.6153846153846154,0.7692307692307693,1.359304169960632
Hellas Verona FC,ACF Fiorentina,1.0,0.0,17,25,7,16,23,26,54,-28,-32.8,12,3,8,11,30,13,4,8,15,24,0.92,0.25,0.3076923076923077,0.8846153846153846,1.04,2.16,-1.2894867024367798,6,25,12,7,42,41,27,14,68.8,13,7,3,22,15,12,5,4,19,12,1.68,0.5384615384615384,0.4166666666666667,1.024390243902439,1.64,1.08,0.7582773565768941
Empoli FC,Atalanta BC,0.0,5.0,18,25,4,12,21,22,38,-16,-15.6,12,1,6,5,14,13,3,6,17,24,0.84,0.0833333333333333,0.2307692307692307,0.9545454545454546,0.88,1.52,-0.9428179837848588,3,25,15,4,51,54,26,28,106.4,12,7,2,29,16,13,8,2,25,10,2.04,0.5833333333333334,0.6153846153846154,0.9444444444444444,2.16,1.04,1.516111299676443
Cagliari Calcio,Juventus FC,0.0,1.0,14,25,6,12,25,26,39,-13,-4.0,13,4,6,15,22,12,2,6,11,17,1.0,0.3076923076923077,0.1666666666666666,0.9615384615384616,1.04,1.56,-0.7090181502754234,5,25,11,1,46,42,21,21,82.4,13,6,0,22,10,12,5,1,20,11,1.84,0.4615384615384615,0.4166666666666667,1.0952380952380951,1.68,0.84,1.0323875062086458
AS Roma,AC Monza,4.0,0.0,9,25,10,8,37,36,29,7,48.8,12,7,4,24,12,13,3,4,12,17,1.48,0.5833333333333334,0.2307692307692307,1.0277777777777777,1.44,1.16,0.3551741953537299,20,25,2,15,14,21,39,-18,-26.4,13,1,8,10,17,12,1,7,11,22,0.56,0.0769230769230769,0.0833333333333333,0.6666666666666666,0.84,1.56,-1.1604936908453674
